timestamp,teamA,pctA,teamB,pctB
2025-09-14T09:47:50,Big Booty Completions,52%,Charlies shortbus,48%
2025-09-14T09:47:51,Big Booty Completions,52%,Charlies shortbus,48%
2025-09-14T09:47:52,Millimeter Peter,49%,Blue collar men,51%
2025-09-14T09:47:53,Tongue Dart,52%,Jackson Was Manipulated,48%
2025-09-14T09:47:54,"""Money Mac"" ðŸ’°",48%,Nick's Daddy,52%
2025-09-14T09:47:55,Florida Gator Tails,56%,Empty Hook Matt,44%
2025-09-14T14:40:29,Big Booty Completions,52%,Charlies shortbus,48%
2025-09-14T14:40:30,Big Booty Completions,52%,Charlies shortbus,48%
2025-09-14T14:40:31,Millimeter Peter,49%,Blue collar men,51%
2025-09-14T14:40:31,Tongue Dart,52%,Jackson Was Manipulated,48%
2025-09-14T14:40:32,"""Money Mac"" ðŸ’°",48%,Nick's Daddy,52%
2025-09-14T14:40:33,Florida Gator Tails,56%,Empty Hook Matt,44%
2025-09-14T14:44:46,Big Booty Completions,52%,Charlies shortbus,48%
2025-09-14T14:44:47,Big Booty Completions,52%,Charlies shortbus,48%
2025-09-14T14:44:47,Millimeter Peter,49%,Blue collar men,51%
2025-09-14T14:44:48,Tongue Dart,52%,Jackson Was Manipulated,48%
2025-09-14T14:44:49,"""Money Mac"" ðŸ’°",48%,Nick's Daddy,52%
2025-09-14T14:44:50,Florida Gator Tails,56%,Empty Hook Matt,44%
2025-09-14T15:29:01,Big Booty Completions,52%,Charlies shortbus,48%
2025-09-14T15:29:01,Big Booty Completions,52%,Charlies shortbus,48%
2025-09-14T15:29:02,Millimeter Peter,49%,Blue collar men,51%
2025-09-14T15:29:03,Tongue Dart,52%,Jackson Was Manipulated,48%
2025-09-14T15:29:04,"""Money Mac"" ðŸ’°",48%,Nick's Daddy,52%
2025-09-14T15:29:05,Florida Gator Tails,56%,Empty Hook Matt,44%
2025-09-14T15:39:04,Big Booty Completions,52%,Charlies shortbus,48%
2025-09-14T15:39:04,Big Booty Completions,52%,Charlies shortbus,48%
2025-09-14T15:39:05,Millimeter Peter,49%,Blue collar men,51%
2025-09-14T15:39:06,Tongue Dart,52%,Jackson Was Manipulated,48%
2025-09-14T15:39:07,"""Money Mac"" ðŸ’°",48%,Nick's Daddy,52%
2025-09-14T15:39:08,Florida Gator Tails,56%,Empty Hook Matt,44%
2025-09-14T15:51:16,Big Booty Completions,52%,Charlies shortbus,48%
2025-09-14T15:51:16,Big Booty Completions,52%,Charlies shortbus,48%
2025-09-14T15:51:17,Millimeter Peter,49%,Blue collar men,51%
2025-09-14T15:51:18,Tongue Dart,52%,Jackson Was Manipulated,48%
2025-09-14T15:51:19,"""Money Mac"" ðŸ’°",48%,Nick's Daddy,52%
2025-09-14T15:51:19,Florida Gator Tails,56%,Empty Hook Matt,44%
2025-09-14T16:35:37,Big Booty Completions,52%,Charlies shortbus,48%
2025-09-14T16:35:38,Big Booty Completions,52%,Charlies shortbus,48%
2025-09-14T16:35:39,Millimeter Peter,50%,Blue collar men,50%
2025-09-14T16:35:39,Tongue Dart,52%,Jackson Was Manipulated,48%
2025-09-14T16:35:40,"""Money Mac"" ðŸ’°",48%,Nick's Daddy,52%
2025-09-14T16:35:41,Florida Gator Tails,56%,Empty Hook Matt,44%
2025-09-14T16:51:25,Big Booty Completions,52%,Charlies shortbus,48%
2025-09-14T16:51:26,Big Booty Completions,52%,Charlies shortbus,48%
2025-09-14T16:51:27,Millimeter Peter,50%,Blue collar men,50%
2025-09-14T16:51:28,Tongue Dart,52%,Jackson Was Manipulated,48%
2025-09-14T16:51:28,"""Money Mac"" ðŸ’°",48%,Nick's Daddy,52%
2025-09-14T16:51:29,Florida Gator Tails,56%,Empty Hook Matt,44%
2025-09-14T17:26:44,Big Booty Completions,47%,Charlies shortbus,53%
2025-09-14T17:26:45,Big Booty Completions,47%,Charlies shortbus,53%
2025-09-14T17:26:46,Millimeter Peter,49%,Blue collar men,51%
2025-09-14T17:26:47,Tongue Dart,52%,Jackson Was Manipulated,48%
2025-09-14T17:26:47,"""Money Mac"" ðŸ’°",50%,Nick's Daddy,50%
2025-09-14T17:26:48,Florida Gator Tails,51%,Empty Hook Matt,49%
2025-09-14T17:51:03,Big Booty Completions,58%,Charlies shortbus,42%
2025-09-14T17:51:04,Big Booty Completions,58%,Charlies shortbus,42%
2025-09-14T17:51:05,Millimeter Peter,52%,Blue collar men,48%
2025-09-14T17:51:06,Tongue Dart,50%,Jackson Was Manipulated,50%
2025-09-14T17:51:07,"""Money Mac"" ðŸ’°",46%,Nick's Daddy,54%
2025-09-14T17:51:07,Florida Gator Tails,49%,Empty Hook Matt,51%
2025-09-14T19:46:14,Big Booty Completions,62%,Charlies shortbus,38%
2025-09-14T19:46:15,Big Booty Completions,62%,Charlies shortbus,38%
2025-09-14T19:46:16,Millimeter Peter,43%,Blue collar men,57%
2025-09-14T19:46:17,Tongue Dart,39%,Jackson Was Manipulated,61%
2025-09-14T19:46:18,"""Money Mac"" ðŸ’°",27%,Nick's Daddy,73%
2025-09-14T19:46:19,Florida Gator Tails,27%,Empty Hook Matt,73%
<<<<<<< Updated upstream
2025-09-14T20:10:32,Big Booty Completions,56%,Charlies shortbus,44%
2025-09-14T20:10:33,Big Booty Completions,55%,Charlies shortbus,45%
2025-09-14T20:10:34,Millimeter Peter,39%,Blue collar men,61%
2025-09-14T20:10:35,Tongue Dart,27%,Jackson Was Manipulated,73%
2025-09-14T20:10:36,"""Money Mac"" ðŸ’°",24%,Nick's Daddy,76%
2025-09-14T20:10:36,Florida Gator Tails,11%,Empty Hook Matt,89%
=======
2025-09-14T20:10:40,Big Booty Completions,55%,Charlies shortbus,45%
2025-09-14T20:10:42,Big Booty Completions,58%,Charlies shortbus,42%
2025-09-14T20:10:42,Millimeter Peter,41%,Blue collar men,59%
2025-09-14T20:10:43,Tongue Dart,28%,Jackson Was Manipulated,72%
2025-09-14T20:10:44,"""Money Mac"" ðŸ’°",24%,Nick's Daddy,76%
2025-09-14T20:10:45,Florida Gator Tails,12%,Empty Hook Matt,88%
>>>>>>> Stashed changes
<<<<<<< Updated upstream
<<<<<<< Updated upstream
2025-09-14T20:29:22,Big Booty Completions,51%,Charlies shortbus,49%
2025-09-14T20:29:23,Big Booty Completions,51%,Charlies shortbus,49%
2025-09-14T20:29:23,Millimeter Peter,31%,Blue collar men,69%
2025-09-14T20:29:24,Tongue Dart,24%,Jackson Was Manipulated,76%
2025-09-14T20:29:26,"""Money Mac"" ðŸ’°",20%,Nick's Daddy,80%
2025-09-14T20:29:26,Florida Gator Tails,38%,Empty Hook Matt,62%
=======
2025-09-14T20:29:41,Big Booty Completions,51%,Charlies shortbus,49%
2025-09-14T20:29:41,Big Booty Completions,51%,Charlies shortbus,49%
2025-09-14T20:29:42,Millimeter Peter,31%,Blue collar men,69%
2025-09-14T20:29:43,Tongue Dart,21%,Jackson Was Manipulated,79%
2025-09-14T20:29:44,"""Money Mac"" ðŸ’°",23%,Nick's Daddy,77%
2025-09-14T20:29:44,Florida Gator Tails,38%,Empty Hook Matt,62%
>>>>>>> Stashed changes
=======
2025-09-14T20:31:00,Big Booty Completions,50%,Charlies shortbus,50%
2025-09-14T20:31:01,Big Booty Completions,50%,Charlies shortbus,50%
2025-09-14T20:31:01,Millimeter Peter,31%,Blue collar men,69%
2025-09-14T20:31:02,Tongue Dart,21%,Jackson Was Manipulated,79%
2025-09-14T20:31:03,"""Money Mac"" ðŸ’°",23%,Nick's Daddy,77%
2025-09-14T20:31:04,Florida Gator Tails,38%,Empty Hook Matt,62%
>>>>>>> Stashed changes
<<<<<<< Updated upstream
<<<<<<< Updated upstream
2025-09-14T20:42:12,Big Booty Completions,52%,Charlies shortbus,48%
2025-09-14T20:42:13,Big Booty Completions,52%,Charlies shortbus,48%
2025-09-14T20:42:14,Millimeter Peter,29%,Blue collar men,71%
2025-09-14T20:42:15,Tongue Dart,16%,Jackson Was Manipulated,84%
2025-09-14T20:42:15,"""Money Mac"" ðŸ’°",21%,Nick's Daddy,79%
2025-09-14T20:42:16,Florida Gator Tails,36%,Empty Hook Matt,64%
=======
2025-09-14T20:42:22,Big Booty Completions,52%,Charlies shortbus,48%
2025-09-14T20:42:22,Big Booty Completions,52%,Charlies shortbus,48%
2025-09-14T20:42:23,Millimeter Peter,29%,Blue collar men,71%
2025-09-14T20:42:24,Tongue Dart,15%,Jackson Was Manipulated,85%
2025-09-14T20:42:25,"""Money Mac"" ðŸ’°",21%,Nick's Daddy,79%
2025-09-14T20:42:26,Florida Gator Tails,36%,Empty Hook Matt,64%
>>>>>>> Stashed changes
=======
2025-09-14T20:42:45,Big Booty Completions,52%,Charlies shortbus,48%
2025-09-14T20:42:46,Big Booty Completions,52%,Charlies shortbus,48%
2025-09-14T20:42:47,Millimeter Peter,29%,Blue collar men,71%
2025-09-14T20:42:48,Tongue Dart,19%,Jackson Was Manipulated,81%
2025-09-14T20:42:48,"""Money Mac"" ðŸ’°",21%,Nick's Daddy,79%
2025-09-14T20:42:49,Florida Gator Tails,36%,Empty Hook Matt,64%
>>>>>>> Stashed changes
<<<<<<< Updated upstream
2025-09-14T20:51:56,Big Booty Completions,52%,Charlies shortbus,48%
2025-09-14T20:51:56,Big Booty Completions,52%,Charlies shortbus,48%
2025-09-14T20:51:57,Millimeter Peter,27%,Blue collar men,73%
2025-09-14T20:51:58,Tongue Dart,20%,Jackson Was Manipulated,80%
2025-09-14T20:51:59,"""Money Mac"" ðŸ’°",19%,Nick's Daddy,81%
2025-09-14T20:52:00,Florida Gator Tails,39%,Empty Hook Matt,61%
=======
2025-09-14T20:52:07,Big Booty Completions,52%,Charlies shortbus,48%
2025-09-14T20:52:09,Big Booty Completions,52%,Charlies shortbus,48%
2025-09-14T20:52:09,Millimeter Peter,27%,Blue collar men,73%
2025-09-14T20:52:10,Tongue Dart,20%,Jackson Was Manipulated,80%
2025-09-14T20:52:11,"""Money Mac"" ðŸ’°",19%,Nick's Daddy,81%
2025-09-14T20:52:12,Florida Gator Tails,39%,Empty Hook Matt,61%
>>>>>>> Stashed changes
2025-09-14T20:54:31,Big Booty Completions,51%,Charlies shortbus,49%
2025-09-14T20:54:31,Big Booty Completions,51%,Charlies shortbus,49%
2025-09-14T20:54:32,Millimeter Peter,27%,Blue collar men,73%
2025-09-14T20:54:33,Tongue Dart,19%,Jackson Was Manipulated,81%
2025-09-14T20:54:34,"""Money Mac"" ðŸ’°",19%,Nick's Daddy,81%
2025-09-14T20:54:35,Florida Gator Tails,39%,Empty Hook Matt,61%
<<<<<<< Updated upstream
2025-09-14T21:26:09,Big Booty Completions,53%,Charlies shortbus,47%
2025-09-14T21:26:10,Big Booty Completions,53%,Charlies shortbus,47%
2025-09-14T21:26:11,Millimeter Peter,26%,Blue collar men,74%
2025-09-14T21:26:12,Tongue Dart,7%,Jackson Was Manipulated,93%
2025-09-14T21:26:13,"""Money Mac"" ðŸ’°",16%,Nick's Daddy,84%
2025-09-14T21:26:14,Florida Gator Tails,62%,Empty Hook Matt,38%
=======
2025-09-14T21:26:17,Big Booty Completions,53%,Charlies shortbus,47%
2025-09-14T21:26:17,Big Booty Completions,53%,Charlies shortbus,47%
2025-09-14T21:26:19,Millimeter Peter,26%,Blue collar men,74%
2025-09-14T21:26:20,Tongue Dart,7%,Jackson Was Manipulated,93%
2025-09-14T21:26:21,"""Money Mac"" ðŸ’°",16%,Nick's Daddy,84%
2025-09-14T21:26:21,Florida Gator Tails,62%,Empty Hook Matt,38%
>>>>>>> Stashed changes
2025-09-14T21:38:56,Big Booty Completions,50%,Charlies shortbus,50%
2025-09-14T21:38:57,Big Booty Completions,50%,Charlies shortbus,50%
2025-09-14T21:38:57,Millimeter Peter,34%,Blue collar men,66%
2025-09-14T21:38:58,Tongue Dart,15%,Jackson Was Manipulated,85%
2025-09-14T21:38:59,"""Money Mac"" ðŸ’°",17%,Nick's Daddy,83%
2025-09-14T21:39:00,Florida Gator Tails,62%,Empty Hook Matt,38%
2025-09-14T21:40:16,Big Booty Completions,50%,Charlies shortbus,50%
2025-09-14T21:40:16,Big Booty Completions,50%,Charlies shortbus,50%
2025-09-14T21:40:17,Millimeter Peter,34%,Blue collar men,66%
2025-09-14T21:40:18,Tongue Dart,21%,Jackson Was Manipulated,79%
2025-09-14T21:40:19,"""Money Mac"" ðŸ’°",17%,Nick's Daddy,83%
2025-09-14T21:40:20,Florida Gator Tails,62%,Empty Hook Matt,38%
2025-09-14T21:51:04,Big Booty Completions,50%,Charlies shortbus,50%
2025-09-14T21:51:05,Big Booty Completions,50%,Charlies shortbus,50%
2025-09-14T21:51:05,Millimeter Peter,35%,Blue collar men,65%
2025-09-14T21:51:06,Tongue Dart,22%,Jackson Was Manipulated,78%
2025-09-14T21:51:07,"""Money Mac"" ðŸ’°",17%,Nick's Daddy,83%
2025-09-14T21:51:08,Florida Gator Tails,67%,Empty Hook Matt,33%
2025-09-14T21:53:09,Big Booty Completions,50%,Charlies shortbus,50%
2025-09-14T21:53:10,Big Booty Completions,50%,Charlies shortbus,50%
2025-09-14T21:53:11,Millimeter Peter,36%,Blue collar men,64%
2025-09-14T21:53:12,Tongue Dart,20%,Jackson Was Manipulated,80%
2025-09-14T21:53:12,"""Money Mac"" ðŸ’°",16%,Nick's Daddy,84%
2025-09-14T21:53:13,Florida Gator Tails,79%,Empty Hook Matt,21%
<<<<<<< Updated upstream
2025-09-14T22:32:10,Big Booty Completions,50%,Charlies shortbus,50%
2025-09-14T22:32:11,Big Booty Completions,50%,Charlies shortbus,50%
2025-09-14T22:32:12,Millimeter Peter,31%,Blue collar men,69%
2025-09-14T22:32:13,Tongue Dart,6%,Jackson Was Manipulated,94%
2025-09-14T22:32:13,"""Money Mac"" ðŸ’°",13%,Nick's Daddy,87%
2025-09-14T22:32:14,Florida Gator Tails,74%,Empty Hook Matt,26%
=======
2025-09-14T22:32:35,Big Booty Completions,50%,Charlies shortbus,50%
2025-09-14T22:32:36,Big Booty Completions,50%,Charlies shortbus,50%
2025-09-14T22:32:36,Millimeter Peter,31%,Blue collar men,69%
2025-09-14T22:32:37,Tongue Dart,6%,Jackson Was Manipulated,94%
2025-09-14T22:32:38,"""Money Mac"" ðŸ’°",13%,Nick's Daddy,87%
2025-09-14T22:32:39,Florida Gator Tails,74%,Empty Hook Matt,26%
>>>>>>> Stashed changes
2025-09-14T22:50:53,Big Booty Completions,38%,Charlies shortbus,62%
2025-09-14T22:50:54,Big Booty Completions,38%,Charlies shortbus,62%
2025-09-14T22:50:55,Millimeter Peter,28%,Blue collar men,72%
2025-09-14T22:50:56,Tongue Dart,9%,Jackson Was Manipulated,91%
2025-09-14T22:50:57,"""Money Mac"" ðŸ’°",8%,Nick's Daddy,92%
2025-09-14T22:50:58,Florida Gator Tails,10%,Empty Hook Matt,90%
2025-09-14T22:52:47,Big Booty Completions,38%,Charlies shortbus,62%
2025-09-14T22:52:48,Big Booty Completions,38%,Charlies shortbus,62%
2025-09-14T22:52:48,Millimeter Peter,27%,Blue collar men,73%
2025-09-14T22:52:50,Tongue Dart,9%,Jackson Was Manipulated,91%
2025-09-14T22:52:51,"""Money Mac"" ðŸ’°",8%,Nick's Daddy,92%
2025-09-14T22:52:51,Florida Gator Tails,10%,Empty Hook Matt,90%
<<<<<<< Updated upstream
2025-09-14T23:27:09,Big Booty Completions,34%,Charlies shortbus,66%
2025-09-14T23:27:10,Big Booty Completions,34%,Charlies shortbus,66%
2025-09-14T23:27:10,Millimeter Peter,25%,Blue collar men,75%
2025-09-14T23:27:11,Tongue Dart,5%,Jackson Was Manipulated,95%
2025-09-14T23:27:12,"""Money Mac"" ðŸ’°",9%,Nick's Daddy,91%
2025-09-14T23:27:13,Florida Gator Tails,10%,Empty Hook Matt,90%
=======
2025-09-14T23:27:21,Big Booty Completions,34%,Charlies shortbus,66%
2025-09-14T23:27:21,Big Booty Completions,34%,Charlies shortbus,66%
2025-09-14T23:27:22,Millimeter Peter,25%,Blue collar men,75%
2025-09-14T23:27:23,Tongue Dart,5%,Jackson Was Manipulated,95%
2025-09-14T23:27:24,"""Money Mac"" ðŸ’°",9%,Nick's Daddy,91%
2025-09-14T23:27:25,Florida Gator Tails,10%,Empty Hook Matt,90%
>>>>>>> Stashed changes
<<<<<<< Updated upstream
2025-09-14T23:41:19,Big Booty Completions,34%,Charlies shortbus,66%
2025-09-14T23:41:20,Big Booty Completions,34%,Charlies shortbus,66%
2025-09-14T23:41:21,Millimeter Peter,25%,Blue collar men,75%
2025-09-14T23:41:22,Tongue Dart,5%,Jackson Was Manipulated,95%
2025-09-14T23:41:23,"""Money Mac"" ðŸ’°",9%,Nick's Daddy,91%
2025-09-14T23:41:23,Florida Gator Tails,10%,Empty Hook Matt,90%
=======
2025-09-14T23:42:20,Big Booty Completions,34%,Charlies shortbus,66%
2025-09-14T23:42:21,Big Booty Completions,34%,Charlies shortbus,66%
2025-09-14T23:42:21,Millimeter Peter,25%,Blue collar men,75%
2025-09-14T23:42:22,Tongue Dart,5%,Jackson Was Manipulated,95%
2025-09-14T23:42:23,"""Money Mac"" ðŸ’°",9%,Nick's Daddy,91%
2025-09-14T23:42:24,Florida Gator Tails,10%,Empty Hook Matt,90%
>>>>>>> Stashed changes
2025-09-14T23:51:39,Big Booty Completions,34%,Charlies shortbus,66%
2025-09-14T23:51:40,Big Booty Completions,34%,Charlies shortbus,66%
2025-09-14T23:51:41,Millimeter Peter,25%,Blue collar men,75%
2025-09-14T23:51:42,Tongue Dart,5%,Jackson Was Manipulated,95%
2025-09-14T23:51:42,"""Money Mac"" ðŸ’°",9%,Nick's Daddy,91%
2025-09-14T23:51:43,Florida Gator Tails,10%,Empty Hook Matt,90%
2025-09-14T23:53:31,Big Booty Completions,34%,Charlies shortbus,66%
2025-09-14T23:53:32,Big Booty Completions,34%,Charlies shortbus,66%
2025-09-14T23:53:33,Millimeter Peter,25%,Blue collar men,75%
2025-09-14T23:53:33,Tongue Dart,5%,Jackson Was Manipulated,95%
2025-09-14T23:53:34,"""Money Mac"" ðŸ’°",9%,Nick's Daddy,91%
2025-09-14T23:53:35,Florida Gator Tails,10%,Empty Hook Matt,90%
<<<<<<< Updated upstream
2025-09-15T03:19:29,Big Booty Completions,42%,Charlies shortbus,58%
2025-09-15T03:19:30,Big Booty Completions,42%,Charlies shortbus,58%
2025-09-15T03:19:31,Millimeter Peter,1%,Blue collar men,99%
2025-09-15T03:19:31,Tongue Dart,5%,Jackson Was Manipulated,95%
2025-09-15T03:19:32,"""Money Mac"" ðŸ’°",9%,Nick's Daddy,91%
2025-09-15T03:19:33,Florida Gator Tails,10%,Empty Hook Matt,90%
=======
2025-09-15T03:19:32,Big Booty Completions,42%,Charlies shortbus,58%
2025-09-15T03:19:33,Big Booty Completions,42%,Charlies shortbus,58%
2025-09-15T03:19:33,Millimeter Peter,1%,Blue collar men,99%
2025-09-15T03:19:34,Tongue Dart,5%,Jackson Was Manipulated,95%
2025-09-15T03:19:35,"""Money Mac"" ðŸ’°",9%,Nick's Daddy,91%
2025-09-15T03:19:36,Florida Gator Tails,10%,Empty Hook Matt,90%
>>>>>>> Stashed changes
<<<<<<< Updated upstream
2025-09-15T03:58:10,Big Booty Completions,42%,Charlies shortbus,58%
2025-09-15T03:58:11,Big Booty Completions,42%,Charlies shortbus,58%
2025-09-15T03:58:12,Millimeter Peter,1%,Blue collar men,99%
2025-09-15T03:58:13,Tongue Dart,5%,Jackson Was Manipulated,95%
2025-09-15T03:58:14,"""Money Mac"" ðŸ’°",9%,Nick's Daddy,91%
2025-09-15T03:58:15,Florida Gator Tails,10%,Empty Hook Matt,90%
=======
2025-09-15T03:58:38,Big Booty Completions,42%,Charlies shortbus,58%
2025-09-15T03:58:38,Big Booty Completions,42%,Charlies shortbus,58%
2025-09-15T03:58:39,Millimeter Peter,1%,Blue collar men,99%
2025-09-15T03:58:40,Tongue Dart,5%,Jackson Was Manipulated,95%
2025-09-15T03:58:41,"""Money Mac"" ðŸ’°",9%,Nick's Daddy,91%
2025-09-15T03:58:42,Florida Gator Tails,10%,Empty Hook Matt,90%
>>>>>>> Stashed changes
<<<<<<< Updated upstream
2025-09-15T04:42:39,Big Booty Completions,42%,Charlies shortbus,58%
2025-09-15T04:42:39,Big Booty Completions,42%,Charlies shortbus,58%
2025-09-15T04:42:40,Millimeter Peter,1%,Blue collar men,99%
2025-09-15T04:42:41,Tongue Dart,5%,Jackson Was Manipulated,95%
2025-09-15T04:42:42,"""Money Mac"" ðŸ’°",9%,Nick's Daddy,91%
2025-09-15T04:42:43,Florida Gator Tails,10%,Empty Hook Matt,90%
=======
2025-09-15T04:43:10,Big Booty Completions,42%,Charlies shortbus,58%
2025-09-15T04:43:10,Big Booty Completions,42%,Charlies shortbus,58%
2025-09-15T04:43:11,Millimeter Peter,1%,Blue collar men,99%
2025-09-15T04:43:12,Tongue Dart,5%,Jackson Was Manipulated,95%
2025-09-15T04:43:13,"""Money Mac"" ðŸ’°",9%,Nick's Daddy,91%
2025-09-15T04:43:14,Florida Gator Tails,10%,Empty Hook Matt,90%
>>>>>>> Stashed changes
<<<<<<< Updated upstream
2025-09-15T04:52:47,Big Booty Completions,42%,Charlies shortbus,58%
2025-09-15T04:52:48,Big Booty Completions,42%,Charlies shortbus,58%
2025-09-15T04:52:48,Millimeter Peter,1%,Blue collar men,99%
2025-09-15T04:52:49,Tongue Dart,5%,Jackson Was Manipulated,95%
2025-09-15T04:52:50,"""Money Mac"" ðŸ’°",9%,Nick's Daddy,91%
2025-09-15T04:52:51,Florida Gator Tails,10%,Empty Hook Matt,90%
=======
2025-09-15T04:53:02,Big Booty Completions,42%,Charlies shortbus,58%
2025-09-15T04:53:02,Big Booty Completions,42%,Charlies shortbus,58%
2025-09-15T04:53:03,Millimeter Peter,1%,Blue collar men,99%
2025-09-15T04:53:04,Tongue Dart,5%,Jackson Was Manipulated,95%
2025-09-15T04:53:05,"""Money Mac"" ðŸ’°",9%,Nick's Daddy,91%
2025-09-15T04:53:06,Florida Gator Tails,10%,Empty Hook Matt,90%
>>>>>>> Stashed changes
2025-09-15T05:37:42,Big Booty Completions,42%,Charlies shortbus,58%
2025-09-15T05:37:43,Big Booty Completions,42%,Charlies shortbus,58%
2025-09-15T05:37:44,Millimeter Peter,1%,Blue collar men,99%
2025-09-15T05:37:45,Tongue Dart,5%,Jackson Was Manipulated,95%
2025-09-15T05:37:45,"""Money Mac"" ðŸ’°",9%,Nick's Daddy,91%
2025-09-15T05:37:46,Florida Gator Tails,10%,Empty Hook Matt,90%
2025-09-15T05:51:09,Big Booty Completions,42%,Charlies shortbus,58%
2025-09-15T05:51:10,Big Booty Completions,42%,Charlies shortbus,58%
2025-09-15T05:51:11,Millimeter Peter,1%,Blue collar men,99%
2025-09-15T05:51:12,Tongue Dart,5%,Jackson Was Manipulated,95%
2025-09-15T05:51:13,"""Money Mac"" ðŸ’°",9%,Nick's Daddy,91%
2025-09-15T05:51:13,Florida Gator Tails,10%,Empty Hook Matt,90%
2025-09-15T06:55:20,Big Booty Completions,42%,Charlies shortbus,58%
2025-09-15T06:55:20,Big Booty Completions,42%,Charlies shortbus,58%
2025-09-15T06:55:21,Millimeter Peter,1%,Blue collar men,99%
2025-09-15T06:55:22,Tongue Dart,5%,Jackson Was Manipulated,95%
2025-09-15T06:55:23,"""Money Mac"" ðŸ’°",9%,Nick's Daddy,91%
2025-09-15T06:55:24,Florida Gator Tails,10%,Empty Hook Matt,90%
2025-09-15T07:32:51,Big Booty Completions,42%,Charlies shortbus,58%
2025-09-15T07:32:52,Big Booty Completions,42%,Charlies shortbus,58%
2025-09-15T07:32:53,Millimeter Peter,1%,Blue collar men,99%
2025-09-15T07:32:54,Tongue Dart,5%,Jackson Was Manipulated,95%
2025-09-15T07:32:55,"""Money Mac"" ðŸ’°",9%,Nick's Daddy,91%
2025-09-15T07:32:55,Florida Gator Tails,10%,Empty Hook Matt,90%
2025-09-15T07:51:29,Big Booty Completions,42%,Charlies shortbus,58%
2025-09-15T07:51:30,Big Booty Completions,42%,Charlies shortbus,58%
2025-09-15T07:51:30,Millimeter Peter,1%,Blue collar men,99%
2025-09-15T07:51:31,Tongue Dart,5%,Jackson Was Manipulated,95%
2025-09-15T07:51:32,"""Money Mac"" ðŸ’°",9%,Nick's Daddy,91%
2025-09-15T07:51:33,Florida Gator Tails,10%,Empty Hook Matt,90%
2025-09-15T08:47:39,Big Booty Completions,42%,Charlies shortbus,58%
2025-09-15T08:47:40,Big Booty Completions,42%,Charlies shortbus,58%
2025-09-15T08:47:41,Millimeter Peter,1%,Blue collar men,99%
2025-09-15T08:47:42,Tongue Dart,5%,Jackson Was Manipulated,95%
2025-09-15T08:47:43,"""Money Mac"" ðŸ’°",9%,Nick's Daddy,91%
2025-09-15T08:47:43,Florida Gator Tails,10%,Empty Hook Matt,90%
2025-09-15T09:38:48,Big Booty Completions,42%,Charlies shortbus,58%
2025-09-15T09:38:49,Big Booty Completions,42%,Charlies shortbus,58%
2025-09-15T09:38:49,Millimeter Peter,1%,Blue collar men,99%
2025-09-15T09:38:50,Tongue Dart,5%,Jackson Was Manipulated,95%
2025-09-15T09:38:51,"""Money Mac"" ðŸ’°",9%,Nick's Daddy,91%
2025-09-15T09:38:52,Florida Gator Tails,10%,Empty Hook Matt,90%
2025-09-15T09:51:12,Big Booty Completions,42%,Charlies shortbus,58%
2025-09-15T09:51:13,Big Booty Completions,42%,Charlies shortbus,58%
2025-09-15T09:51:14,Millimeter Peter,1%,Blue collar men,99%
2025-09-15T09:51:15,Tongue Dart,5%,Jackson Was Manipulated,95%
2025-09-15T09:51:15,"""Money Mac"" ðŸ’°",9%,Nick's Daddy,91%
2025-09-15T09:51:16,Florida Gator Tails,10%,Empty Hook Matt,90%
2025-09-15T10:41:09,Big Booty Completions,42%,Charlies shortbus,58%
2025-09-15T10:41:10,Big Booty Completions,42%,Charlies shortbus,58%
2025-09-15T10:41:10,Millimeter Peter,1%,Blue collar men,99%
2025-09-15T10:41:11,Tongue Dart,5%,Jackson Was Manipulated,95%
2025-09-15T10:41:12,"""Money Mac"" ðŸ’°",9%,Nick's Daddy,91%
2025-09-15T10:41:13,Florida Gator Tails,10%,Empty Hook Matt,90%
2025-09-15T10:50:47,Big Booty Completions,42%,Charlies shortbus,58%
2025-09-15T10:50:48,Big Booty Completions,42%,Charlies shortbus,58%
2025-09-15T10:50:48,Millimeter Peter,1%,Blue collar men,99%
2025-09-15T10:50:49,Tongue Dart,5%,Jackson Was Manipulated,95%
2025-09-15T10:50:50,"""Money Mac"" ðŸ’°",9%,Nick's Daddy,91%
2025-09-15T10:50:51,Florida Gator Tails,10%,Empty Hook Matt,90%
2025-09-15T11:26:16,Big Booty Completions,42%,Charlies shortbus,58%
2025-09-15T11:26:17,Big Booty Completions,42%,Charlies shortbus,58%
2025-09-15T11:26:18,Millimeter Peter,1%,Blue collar men,99%
2025-09-15T11:26:19,Tongue Dart,5%,Jackson Was Manipulated,95%
2025-09-15T11:26:20,"""Money Mac"" ðŸ’°",9%,Nick's Daddy,91%
2025-09-15T11:26:20,Florida Gator Tails,10%,Empty Hook Matt,90%
2025-09-15T11:41:26,Big Booty Completions,42%,Charlies shortbus,58%
2025-09-15T11:41:27,Big Booty Completions,42%,Charlies shortbus,58%
2025-09-15T11:41:28,Millimeter Peter,1%,Blue collar men,99%
2025-09-15T11:41:29,Tongue Dart,5%,Jackson Was Manipulated,95%
2025-09-15T11:41:29,"""Money Mac"" ðŸ’°",9%,Nick's Daddy,91%
2025-09-15T11:41:30,Florida Gator Tails,10%,Empty Hook Matt,90%
2025-09-15T11:51:16,Big Booty Completions,42%,Charlies shortbus,58%
2025-09-15T11:51:16,Big Booty Completions,42%,Charlies shortbus,58%
2025-09-15T11:51:17,Millimeter Peter,1%,Blue collar men,99%
2025-09-15T11:51:18,Tongue Dart,5%,Jackson Was Manipulated,95%
2025-09-15T11:51:19,"""Money Mac"" ðŸ’°",9%,Nick's Daddy,91%
2025-09-15T11:51:20,Florida Gator Tails,10%,Empty Hook Matt,90%
2025-09-15T13:21:00,Big Booty Completions,42%,Charlies shortbus,58%
2025-09-15T13:21:01,Big Booty Completions,42%,Charlies shortbus,58%
2025-09-15T13:21:02,Millimeter Peter,1%,Blue collar men,99%
2025-09-15T13:21:02,Tongue Dart,5%,Jackson Was Manipulated,95%
2025-09-15T13:21:03,"""Money Mac"" ðŸ’°",9%,Nick's Daddy,91%
2025-09-15T13:21:04,Florida Gator Tails,10%,Empty Hook Matt,90%
2025-09-15T13:46:40,Big Booty Completions,42%,Charlies shortbus,58%
2025-09-15T13:46:40,Big Booty Completions,42%,Charlies shortbus,58%
2025-09-15T13:46:41,Millimeter Peter,1%,Blue collar men,99%
2025-09-15T13:46:42,Tongue Dart,5%,Jackson Was Manipulated,95%
2025-09-15T13:46:43,"""Money Mac"" ðŸ’°",9%,Nick's Daddy,91%
2025-09-15T13:46:44,Florida Gator Tails,10%,Empty Hook Matt,90%
2025-09-15T14:35:04,Big Booty Completions,42%,Charlies shortbus,58%
2025-09-15T14:35:05,Big Booty Completions,42%,Charlies shortbus,58%
2025-09-15T14:35:06,Millimeter Peter,1%,Blue collar men,99%
2025-09-15T14:35:06,Tongue Dart,5%,Jackson Was Manipulated,95%
2025-09-15T14:35:07,"""Money Mac"" ðŸ’°",9%,Nick's Daddy,91%
2025-09-15T14:35:08,Florida Gator Tails,10%,Empty Hook Matt,90%
2025-09-15T14:51:47,Big Booty Completions,42%,Charlies shortbus,58%
2025-09-15T14:51:48,Big Booty Completions,42%,Charlies shortbus,58%
2025-09-15T14:51:49,Millimeter Peter,1%,Blue collar men,99%
2025-09-15T14:51:49,Tongue Dart,5%,Jackson Was Manipulated,95%
2025-09-15T14:51:50,"""Money Mac"" ðŸ’°",9%,Nick's Daddy,91%
2025-09-15T14:51:51,Florida Gator Tails,10%,Empty Hook Matt,90%
2025-09-15T15:35:13,Big Booty Completions,42%,Charlies shortbus,58%
2025-09-15T15:35:14,Big Booty Completions,42%,Charlies shortbus,58%
2025-09-15T15:35:15,Millimeter Peter,1%,Blue collar men,99%
2025-09-15T15:35:16,Tongue Dart,5%,Jackson Was Manipulated,95%
2025-09-15T15:35:16,"""Money Mac"" ðŸ’°",9%,Nick's Daddy,91%
2025-09-15T15:35:17,Florida Gator Tails,10%,Empty Hook Matt,90%
2025-09-15T15:51:33,Big Booty Completions,42%,Charlies shortbus,58%
2025-09-15T15:51:34,Big Booty Completions,42%,Charlies shortbus,58%
2025-09-15T15:51:35,Millimeter Peter,1%,Blue collar men,99%
2025-09-15T15:51:35,Tongue Dart,5%,Jackson Was Manipulated,95%
2025-09-15T15:51:36,"""Money Mac"" ðŸ’°",9%,Nick's Daddy,91%
2025-09-15T15:51:37,Florida Gator Tails,10%,Empty Hook Matt,90%
2025-09-15T16:45:59,Big Booty Completions,42%,Charlies shortbus,58%
2025-09-15T16:45:59,Big Booty Completions,42%,Charlies shortbus,58%
2025-09-15T16:46:00,Millimeter Peter,1%,Blue collar men,99%
2025-09-15T16:46:01,Tongue Dart,5%,Jackson Was Manipulated,95%
2025-09-15T16:46:02,"""Money Mac"" ðŸ’°",9%,Nick's Daddy,91%
2025-09-15T16:46:03,Florida Gator Tails,10%,Empty Hook Matt,90%
2025-09-15T16:55:23,Big Booty Completions,42%,Charlies shortbus,58%
2025-09-15T16:55:24,Big Booty Completions,42%,Charlies shortbus,58%
2025-09-15T16:55:24,Millimeter Peter,1%,Blue collar men,99%
2025-09-15T16:55:25,Tongue Dart,5%,Jackson Was Manipulated,95%
2025-09-15T16:55:26,"""Money Mac"" ðŸ’°",9%,Nick's Daddy,91%
2025-09-15T16:55:27,Florida Gator Tails,10%,Empty Hook Matt,90%
2025-09-15T17:32:05,Big Booty Completions,42%,Charlies shortbus,58%
2025-09-15T17:32:06,Big Booty Completions,42%,Charlies shortbus,58%
2025-09-15T17:32:06,Millimeter Peter,1%,Blue collar men,99%
2025-09-15T17:32:07,Tongue Dart,5%,Jackson Was Manipulated,95%
2025-09-15T17:32:08,"""Money Mac"" ðŸ’°",9%,Nick's Daddy,91%
2025-09-15T17:32:09,Florida Gator Tails,10%,Empty Hook Matt,90%
2025-09-15T17:51:09,Big Booty Completions,42%,Charlies shortbus,58%
2025-09-15T17:51:10,Big Booty Completions,42%,Charlies shortbus,58%
2025-09-15T17:51:11,Millimeter Peter,1%,Blue collar men,99%
2025-09-15T17:51:11,Tongue Dart,5%,Jackson Was Manipulated,95%
2025-09-15T17:51:12,"""Money Mac"" ðŸ’°",9%,Nick's Daddy,91%
2025-09-15T17:51:13,Florida Gator Tails,10%,Empty Hook Matt,90%
2025-09-15T18:49:23,Big Booty Completions,42%,Charlies shortbus,58%
2025-09-15T18:49:24,Big Booty Completions,42%,Charlies shortbus,58%
2025-09-15T18:49:25,Millimeter Peter,1%,Blue collar men,99%
2025-09-15T18:49:26,Tongue Dart,5%,Jackson Was Manipulated,95%
2025-09-15T18:49:26,"""Money Mac"" ðŸ’°",9%,Nick's Daddy,91%
2025-09-15T18:49:27,Florida Gator Tails,10%,Empty Hook Matt,90%
2025-09-15T19:24:09,Big Booty Completions,42%,Charlies shortbus,58%
2025-09-15T19:24:10,Big Booty Completions,42%,Charlies shortbus,58%
2025-09-15T19:24:11,Millimeter Peter,1%,Blue collar men,99%
2025-09-15T19:24:12,Tongue Dart,5%,Jackson Was Manipulated,95%
2025-09-15T19:24:13,"""Money Mac"" ðŸ’°",9%,Nick's Daddy,91%
2025-09-15T19:24:14,Florida Gator Tails,10%,Empty Hook Matt,90%
2025-09-15T19:40:39,Big Booty Completions,42%,Charlies shortbus,58%
2025-09-15T19:40:40,Big Booty Completions,42%,Charlies shortbus,58%
2025-09-15T19:40:41,Millimeter Peter,1%,Blue collar men,99%
2025-09-15T19:40:41,Tongue Dart,5%,Jackson Was Manipulated,95%
2025-09-15T19:40:42,"""Money Mac"" ðŸ’°",9%,Nick's Daddy,91%
2025-09-15T19:40:43,Florida Gator Tails,10%,Empty Hook Matt,90%
2025-09-15T19:50:59,Big Booty Completions,42%,Charlies shortbus,58%
2025-09-15T19:51:00,Big Booty Completions,42%,Charlies shortbus,58%
2025-09-15T19:51:01,Millimeter Peter,1%,Blue collar men,99%
2025-09-15T19:51:02,Tongue Dart,5%,Jackson Was Manipulated,95%
2025-09-15T19:51:02,"""Money Mac"" ðŸ’°",9%,Nick's Daddy,91%
2025-09-15T19:51:03,Florida Gator Tails,10%,Empty Hook Matt,90%
2025-09-15T20:34:02,Big Booty Completions,42%,Charlies shortbus,58%
2025-09-15T20:34:03,Big Booty Completions,42%,Charlies shortbus,58%
2025-09-15T20:34:03,Millimeter Peter,1%,Blue collar men,99%
2025-09-15T20:34:04,Tongue Dart,5%,Jackson Was Manipulated,95%
2025-09-15T20:34:05,"""Money Mac"" ðŸ’°",9%,Nick's Daddy,91%
2025-09-15T20:34:06,Florida Gator Tails,10%,Empty Hook Matt,90%
2025-09-15T20:51:06,Big Booty Completions,42%,Charlies shortbus,58%
2025-09-15T20:51:07,Big Booty Completions,42%,Charlies shortbus,58%
2025-09-15T20:51:08,Millimeter Peter,1%,Blue collar men,99%
2025-09-15T20:51:09,Tongue Dart,5%,Jackson Was Manipulated,95%
2025-09-15T20:51:09,"""Money Mac"" ðŸ’°",9%,Nick's Daddy,91%
2025-09-15T20:51:10,Florida Gator Tails,10%,Empty Hook Matt,90%
2025-09-15T21:29:15,Big Booty Completions,42%,Charlies shortbus,58%
2025-09-15T21:29:16,Big Booty Completions,42%,Charlies shortbus,58%
2025-09-15T21:29:16,Millimeter Peter,1%,Blue collar men,99%
2025-09-15T21:29:17,Tongue Dart,5%,Jackson Was Manipulated,95%
2025-09-15T21:29:18,"""Money Mac"" ðŸ’°",9%,Nick's Daddy,91%
2025-09-15T21:29:19,Florida Gator Tails,10%,Empty Hook Matt,90%
2025-09-15T21:40:37,Big Booty Completions,42%,Charlies shortbus,58%
2025-09-15T21:40:37,Big Booty Completions,42%,Charlies shortbus,58%
2025-09-15T21:40:38,Millimeter Peter,1%,Blue collar men,99%
2025-09-15T21:40:39,Tongue Dart,5%,Jackson Was Manipulated,95%
2025-09-15T21:40:40,"""Money Mac"" ðŸ’°",9%,Nick's Daddy,91%
2025-09-15T21:40:41,Florida Gator Tails,10%,Empty Hook Matt,90%
2025-09-15T21:50:55,Big Booty Completions,42%,Charlies shortbus,58%
2025-09-15T21:50:55,Big Booty Completions,42%,Charlies shortbus,58%
2025-09-15T21:50:56,Millimeter Peter,1%,Blue collar men,99%
2025-09-15T21:50:57,Tongue Dart,5%,Jackson Was Manipulated,95%
2025-09-15T21:50:58,"""Money Mac"" ðŸ’°",9%,Nick's Daddy,91%
2025-09-15T21:50:59,Florida Gator Tails,10%,Empty Hook Matt,90%
2025-09-15T22:33:34,Big Booty Completions,42%,Charlies shortbus,58%
2025-09-15T22:33:35,Big Booty Completions,42%,Charlies shortbus,58%
2025-09-15T22:33:36,Millimeter Peter,1%,Blue collar men,99%
2025-09-15T22:33:37,Tongue Dart,5%,Jackson Was Manipulated,95%
2025-09-15T22:33:37,"""Money Mac"" ðŸ’°",9%,Nick's Daddy,91%
2025-09-15T22:33:38,Florida Gator Tails,10%,Empty Hook Matt,90%
2025-09-15T22:51:16,Big Booty Completions,42%,Charlies shortbus,58%
2025-09-15T22:51:17,Big Booty Completions,42%,Charlies shortbus,58%
2025-09-15T22:51:18,Millimeter Peter,1%,Blue collar men,99%
2025-09-15T22:51:18,Tongue Dart,5%,Jackson Was Manipulated,95%
2025-09-15T22:51:19,"""Money Mac"" ðŸ’°",9%,Nick's Daddy,91%
2025-09-15T22:51:20,Florida Gator Tails,10%,Empty Hook Matt,90%
2025-09-15T23:26:57,Big Booty Completions,51%,Charlies shortbus,49%
2025-09-15T23:26:58,Big Booty Completions,51%,Charlies shortbus,49%
2025-09-15T23:26:59,Millimeter Peter,1%,Blue collar men,99%
2025-09-15T23:27:00,Tongue Dart,5%,Jackson Was Manipulated,95%
2025-09-15T23:27:01,"""Money Mac"" ðŸ’°",7%,Nick's Daddy,93%
2025-09-15T23:27:02,Florida Gator Tails,45%,Empty Hook Matt,55%
2025-09-15T23:40:36,Big Booty Completions,48%,Charlies shortbus,52%
2025-09-15T23:40:37,Big Booty Completions,48%,Charlies shortbus,52%
2025-09-15T23:40:38,Millimeter Peter,1%,Blue collar men,99%
2025-09-15T23:40:38,Tongue Dart,4%,Jackson Was Manipulated,96%
2025-09-15T23:40:39,"""Money Mac"" ðŸ’°",6%,Nick's Daddy,94%
2025-09-15T23:40:40,Florida Gator Tails,33%,Empty Hook Matt,67%
2025-09-15T23:50:41,Big Booty Completions,57%,Charlies shortbus,43%
2025-09-15T23:50:42,Big Booty Completions,57%,Charlies shortbus,43%
2025-09-15T23:50:42,Millimeter Peter,1%,Blue collar men,99%
2025-09-15T23:50:43,Tongue Dart,1%,Jackson Was Manipulated,99%
2025-09-15T23:50:44,"""Money Mac"" ðŸ’°",5%,Nick's Daddy,95%
2025-09-15T23:50:45,Florida Gator Tails,21%,Empty Hook Matt,79%
<<<<<<< Updated upstream
2025-09-16T03:06:03,Big Booty Completions,56%,Charlies shortbus,44%
2025-09-16T03:06:04,Big Booty Completions,56%,Charlies shortbus,44%
2025-09-16T03:06:04,Millimeter Peter,0%,Blue collar men,100%
2025-09-16T03:06:05,Tongue Dart,1%,Jackson Was Manipulated,99%
2025-09-16T03:06:06,"""Money Mac"" ðŸ’°",1%,Nick's Daddy,99%
2025-09-16T03:06:07,Florida Gator Tails,0%,Empty Hook Matt,100%
=======
2025-09-16T03:06:05,Big Booty Completions,56%,Charlies shortbus,44%
2025-09-16T03:06:05,Big Booty Completions,56%,Charlies shortbus,44%
2025-09-16T03:06:06,Millimeter Peter,0%,Blue collar men,100%
2025-09-16T03:06:07,Tongue Dart,1%,Jackson Was Manipulated,99%
2025-09-16T03:06:08,"""Money Mac"" ðŸ’°",1%,Nick's Daddy,99%
2025-09-16T03:06:09,Florida Gator Tails,0%,Empty Hook Matt,100%
>>>>>>> Stashed changes
<<<<<<< Updated upstream
2025-09-16T03:48:17,Big Booty Completions,68%,Charlies shortbus,32%
2025-09-16T03:48:18,Big Booty Completions,68%,Charlies shortbus,32%
2025-09-16T03:48:19,Millimeter Peter,0%,Blue collar men,100%
2025-09-16T03:48:20,Tongue Dart,1%,Jackson Was Manipulated,99%
2025-09-16T03:48:20,"""Money Mac"" ðŸ’°",1%,Nick's Daddy,99%
=======
2025-09-16T03:48:18,Big Booty Completions,68%,Charlies shortbus,32%
2025-09-16T03:48:19,Big Booty Completions,68%,Charlies shortbus,32%
2025-09-16T03:48:19,Millimeter Peter,0%,Blue collar men,100%
2025-09-16T03:48:20,Tongue Dart,1%,Jackson Was Manipulated,99%
2025-09-16T03:48:21,"""Money Mac"" ðŸ’°",1%,Nick's Daddy,99%
>>>>>>> Stashed changes
2025-09-16T03:48:22,Florida Gator Tails,0%,Empty Hook Matt,100%
<<<<<<< Updated upstream
2025-09-16T04:40:03,Big Booty Completions,99%,Charlies shortbus,1%
2025-09-16T04:40:04,Big Booty Completions,99%,Charlies shortbus,1%
2025-09-16T04:40:05,Millimeter Peter,0%,Blue collar men,100%
2025-09-16T04:40:05,Tongue Dart,1%,Jackson Was Manipulated,99%
2025-09-16T04:40:06,"""Money Mac"" ðŸ’°",1%,Nick's Daddy,99%
2025-09-16T04:40:07,Florida Gator Tails,0%,Empty Hook Matt,100%
=======
2025-09-16T04:40:07,Big Booty Completions,99%,Charlies shortbus,1%
2025-09-16T04:40:08,Big Booty Completions,99%,Charlies shortbus,1%
2025-09-16T04:40:08,Millimeter Peter,0%,Blue collar men,100%
2025-09-16T04:40:10,Tongue Dart,1%,Jackson Was Manipulated,99%
2025-09-16T04:40:11,"""Money Mac"" ðŸ’°",1%,Nick's Daddy,99%
2025-09-16T04:40:12,Florida Gator Tails,0%,Empty Hook Matt,100%
>>>>>>> Stashed changes
<<<<<<< Updated upstream
2025-09-16T04:50:58,Big Booty Completions,99%,Charlies shortbus,1%
2025-09-16T04:50:58,Big Booty Completions,99%,Charlies shortbus,1%
2025-09-16T04:50:59,Millimeter Peter,0%,Blue collar men,100%
2025-09-16T04:51:00,Tongue Dart,1%,Jackson Was Manipulated,99%
2025-09-16T04:51:01,"""Money Mac"" ðŸ’°",1%,Nick's Daddy,99%
2025-09-16T04:51:02,Florida Gator Tails,0%,Empty Hook Matt,100%
=======
2025-09-16T04:51:04,Big Booty Completions,99%,Charlies shortbus,1%
2025-09-16T04:51:05,Big Booty Completions,99%,Charlies shortbus,1%
2025-09-16T04:51:06,Millimeter Peter,0%,Blue collar men,100%
2025-09-16T04:51:07,Tongue Dart,1%,Jackson Was Manipulated,99%
2025-09-16T04:51:07,"""Money Mac"" ðŸ’°",1%,Nick's Daddy,99%
2025-09-16T04:51:08,Florida Gator Tails,0%,Empty Hook Matt,100%
>>>>>>> Stashed changes
2025-09-16T05:34:54,Big Booty Completions,100%,Charlies shortbus,0%
2025-09-16T05:34:54,Big Booty Completions,100%,Charlies shortbus,0%
2025-09-16T05:34:55,Millimeter Peter,0%,Blue collar men,100%
2025-09-16T05:34:56,Tongue Dart,0%,Jackson Was Manipulated,100%
2025-09-16T05:34:57,"""Money Mac"" ðŸ’°",0%,Nick's Daddy,100%
2025-09-16T05:34:58,Florida Gator Tails,0%,Empty Hook Matt,100%
2025-09-16T05:51:21,Big Booty Completions,100%,Charlies shortbus,0%
2025-09-16T05:51:21,Big Booty Completions,100%,Charlies shortbus,0%
2025-09-16T05:51:22,Millimeter Peter,0%,Blue collar men,100%
2025-09-16T05:51:23,Tongue Dart,0%,Jackson Was Manipulated,100%
2025-09-16T05:51:24,"""Money Mac"" ðŸ’°",0%,Nick's Daddy,100%
2025-09-16T05:51:25,Florida Gator Tails,0%,Empty Hook Matt,100%
2025-09-16T06:52:39,Big Booty Completions,100%,Charlies shortbus,0%
2025-09-16T06:52:40,Big Booty Completions,100%,Charlies shortbus,0%
2025-09-16T06:52:40,Millimeter Peter,0%,Blue collar men,100%
2025-09-16T06:52:41,Tongue Dart,0%,Jackson Was Manipulated,100%
2025-09-16T06:52:42,"""Money Mac"" ðŸ’°",0%,Nick's Daddy,100%
2025-09-16T06:52:43,Florida Gator Tails,0%,Empty Hook Matt,100%
2025-09-16T07:31:03,Charlies shortbus,44%,Blue collar men,56%
2025-09-16T07:31:04,Charlies shortbus,44%,Blue collar men,56%
2025-09-16T07:31:04,Jackson Was Manipulated,49%,Big Booty Completions,51%
2025-09-16T07:31:05,Nick's Daddy,56%,Millimeter Peter,44%
2025-09-16T07:31:06,Empty Hook Matt,38%,Tongue Dart,62%
2025-09-16T07:31:07,Florida Gator Tails,54%,"""Money Mac"" ðŸ’°",46%
2025-09-16T07:42:37,Charlies shortbus,44%,Blue collar men,56%
2025-09-16T07:42:38,Charlies shortbus,44%,Blue collar men,56%
2025-09-16T07:42:39,Jackson Was Manipulated,49%,Big Booty Completions,51%
2025-09-16T07:42:39,Nick's Daddy,56%,Millimeter Peter,44%
2025-09-16T07:42:40,Empty Hook Matt,38%,Tongue Dart,62%
2025-09-16T07:42:41,Florida Gator Tails,54%,"""Money Mac"" ðŸ’°",46%
2025-09-16T07:53:05,Charlies shortbus,44%,Blue collar men,56%
2025-09-16T07:53:06,Charlies shortbus,44%,Blue collar men,56%
2025-09-16T07:53:07,Jackson Was Manipulated,49%,Big Booty Completions,51%
2025-09-16T07:53:07,Nick's Daddy,56%,Millimeter Peter,44%
2025-09-16T07:53:08,Empty Hook Matt,38%,Tongue Dart,62%
2025-09-16T07:53:09,Florida Gator Tails,54%,"""Money Mac"" ðŸ’°",46%
2025-09-16T08:48:39,Charlies shortbus,44%,Blue collar men,56%
2025-09-16T08:48:40,Charlies shortbus,44%,Blue collar men,56%
2025-09-16T08:48:41,Jackson Was Manipulated,49%,Big Booty Completions,51%
2025-09-16T08:48:42,Nick's Daddy,56%,Millimeter Peter,44%
2025-09-16T08:48:42,Empty Hook Matt,38%,Tongue Dart,62%
2025-09-16T08:48:43,Florida Gator Tails,54%,"""Money Mac"" ðŸ’°",46%
2025-09-16T09:36:55,Charlies shortbus,44%,Blue collar men,56%
2025-09-16T09:36:56,Charlies shortbus,44%,Blue collar men,56%
2025-09-16T09:36:57,Jackson Was Manipulated,49%,Big Booty Completions,51%
2025-09-16T09:36:57,Nick's Daddy,56%,Millimeter Peter,44%
2025-09-16T09:36:58,Empty Hook Matt,38%,Tongue Dart,62%
2025-09-16T09:36:59,Florida Gator Tails,54%,"""Money Mac"" ðŸ’°",46%
2025-09-16T09:50:59,Charlies shortbus,44%,Blue collar men,56%
2025-09-16T09:51:00,Charlies shortbus,44%,Blue collar men,56%
2025-09-16T09:51:01,Jackson Was Manipulated,49%,Big Booty Completions,51%
2025-09-16T09:51:02,Nick's Daddy,56%,Millimeter Peter,44%
2025-09-16T09:51:02,Empty Hook Matt,38%,Tongue Dart,62%
2025-09-16T09:51:03,Florida Gator Tails,54%,"""Money Mac"" ðŸ’°",46%
2025-09-16T10:40:36,Charlies shortbus,44%,Blue collar men,56%
2025-09-16T10:40:37,Charlies shortbus,44%,Blue collar men,56%
2025-09-16T10:40:38,Jackson Was Manipulated,49%,Big Booty Completions,51%
2025-09-16T10:40:39,Nick's Daddy,56%,Millimeter Peter,44%
2025-09-16T10:40:40,Empty Hook Matt,38%,Tongue Dart,62%
2025-09-16T10:40:40,Florida Gator Tails,54%,"""Money Mac"" ðŸ’°",46%
2025-09-16T10:51:27,Charlies shortbus,44%,Blue collar men,56%
2025-09-16T10:51:27,Charlies shortbus,44%,Blue collar men,56%
2025-09-16T10:51:28,Jackson Was Manipulated,49%,Big Booty Completions,51%
2025-09-16T10:51:29,Nick's Daddy,56%,Millimeter Peter,44%
2025-09-16T10:51:30,Empty Hook Matt,38%,Tongue Dart,62%
2025-09-16T10:51:30,Florida Gator Tails,54%,"""Money Mac"" ðŸ’°",46%
2025-09-16T11:26:31,Charlies shortbus,44%,Blue collar men,56%
2025-09-16T11:26:32,Charlies shortbus,44%,Blue collar men,56%
2025-09-16T11:26:32,Jackson Was Manipulated,49%,Big Booty Completions,51%
2025-09-16T11:26:33,Nick's Daddy,56%,Millimeter Peter,44%
2025-09-16T11:26:34,Empty Hook Matt,38%,Tongue Dart,62%
2025-09-16T11:26:35,Florida Gator Tails,54%,"""Money Mac"" ðŸ’°",46%
2025-09-16T11:41:31,Charlies shortbus,44%,Blue collar men,56%
2025-09-16T11:41:32,Charlies shortbus,44%,Blue collar men,56%
2025-09-16T11:41:33,Jackson Was Manipulated,49%,Big Booty Completions,51%
2025-09-16T11:41:34,Nick's Daddy,56%,Millimeter Peter,44%
2025-09-16T11:41:34,Empty Hook Matt,38%,Tongue Dart,62%
2025-09-16T11:41:35,Florida Gator Tails,54%,"""Money Mac"" ðŸ’°",46%
2025-09-16T11:51:38,Charlies shortbus,44%,Blue collar men,56%
2025-09-16T11:51:39,Charlies shortbus,44%,Blue collar men,56%
2025-09-16T11:51:40,Jackson Was Manipulated,49%,Big Booty Completions,51%
2025-09-16T11:51:40,Nick's Daddy,56%,Millimeter Peter,44%
2025-09-16T11:51:41,Empty Hook Matt,38%,Tongue Dart,62%
2025-09-16T11:51:42,Florida Gator Tails,54%,"""Money Mac"" ðŸ’°",46%
2025-09-16T13:36:45,Charlies shortbus,44%,Blue collar men,56%
2025-09-16T13:36:46,Charlies shortbus,44%,Blue collar men,56%
2025-09-16T13:36:47,Jackson Was Manipulated,49%,Big Booty Completions,51%
2025-09-16T13:36:48,Nick's Daddy,56%,Millimeter Peter,44%
2025-09-16T13:36:49,Empty Hook Matt,38%,Tongue Dart,62%
2025-09-16T13:36:49,Florida Gator Tails,54%,"""Money Mac"" ðŸ’°",46%
2025-09-16T13:53:13,Charlies shortbus,44%,Blue collar men,56%
2025-09-16T13:53:14,Charlies shortbus,44%,Blue collar men,56%
2025-09-16T13:53:15,Jackson Was Manipulated,49%,Big Booty Completions,51%
2025-09-16T13:53:16,Nick's Daddy,56%,Millimeter Peter,44%
2025-09-16T13:53:17,Empty Hook Matt,38%,Tongue Dart,62%
2025-09-16T13:53:17,Florida Gator Tails,54%,"""Money Mac"" ðŸ’°",46%
2025-09-16T14:41:13,Charlies shortbus,44%,Blue collar men,56%
2025-09-16T14:41:14,Charlies shortbus,44%,Blue collar men,56%
2025-09-16T14:41:15,Jackson Was Manipulated,49%,Big Booty Completions,51%
2025-09-16T14:41:16,Nick's Daddy,57%,Millimeter Peter,43%
2025-09-16T14:41:16,Empty Hook Matt,38%,Tongue Dart,62%
2025-09-16T14:41:17,Florida Gator Tails,56%,"""Money Mac"" ðŸ’°",44%
2025-09-16T14:51:55,Charlies shortbus,44%,Blue collar men,56%
2025-09-16T14:51:56,Charlies shortbus,44%,Blue collar men,56%
2025-09-16T14:51:56,Jackson Was Manipulated,49%,Big Booty Completions,51%
2025-09-16T14:51:57,Nick's Daddy,57%,Millimeter Peter,43%
2025-09-16T14:51:58,Empty Hook Matt,38%,Tongue Dart,62%
2025-09-16T14:51:59,Florida Gator Tails,56%,"""Money Mac"" ðŸ’°",44%
2025-09-16T15:35:25,Charlies shortbus,44%,Blue collar men,56%
2025-09-16T15:35:26,Charlies shortbus,44%,Blue collar men,56%
2025-09-16T15:35:26,Jackson Was Manipulated,49%,Big Booty Completions,51%
2025-09-16T15:35:27,Nick's Daddy,57%,Millimeter Peter,43%
2025-09-16T15:35:28,Empty Hook Matt,38%,Tongue Dart,62%
2025-09-16T15:35:29,Florida Gator Tails,56%,"""Money Mac"" ðŸ’°",44%
2025-09-16T15:50:57,Charlies shortbus,44%,Blue collar men,56%
2025-09-16T15:50:58,Charlies shortbus,44%,Blue collar men,56%
2025-09-16T15:50:58,Jackson Was Manipulated,49%,Big Booty Completions,51%
2025-09-16T15:50:59,Nick's Daddy,57%,Millimeter Peter,43%
2025-09-16T15:51:00,Empty Hook Matt,38%,Tongue Dart,62%
2025-09-16T15:51:01,Florida Gator Tails,56%,"""Money Mac"" ðŸ’°",44%
2025-09-16T16:44:58,Charlies shortbus,44%,Blue collar men,56%
2025-09-16T16:44:59,Charlies shortbus,44%,Blue collar men,56%
2025-09-16T16:45:00,Jackson Was Manipulated,49%,Big Booty Completions,51%
2025-09-16T16:45:00,Nick's Daddy,57%,Millimeter Peter,43%
2025-09-16T16:45:01,Empty Hook Matt,38%,Tongue Dart,62%
2025-09-16T16:45:02,Florida Gator Tails,56%,"""Money Mac"" ðŸ’°",44%
2025-09-16T16:56:02,Charlies shortbus,44%,Blue collar men,56%
2025-09-16T16:56:03,Charlies shortbus,44%,Blue collar men,56%
2025-09-16T16:56:04,Jackson Was Manipulated,49%,Big Booty Completions,51%
2025-09-16T16:56:04,Nick's Daddy,57%,Millimeter Peter,43%
2025-09-16T16:56:05,Empty Hook Matt,38%,Tongue Dart,62%
2025-09-16T16:56:06,Florida Gator Tails,56%,"""Money Mac"" ðŸ’°",44%
2025-09-16T17:32:27,Charlies shortbus,44%,Blue collar men,56%
2025-09-16T17:32:28,Charlies shortbus,44%,Blue collar men,56%
2025-09-16T17:32:29,Jackson Was Manipulated,49%,Big Booty Completions,51%
2025-09-16T17:32:30,Nick's Daddy,57%,Millimeter Peter,43%
2025-09-16T17:32:31,Empty Hook Matt,38%,Tongue Dart,62%
2025-09-16T17:32:31,Florida Gator Tails,56%,"""Money Mac"" ðŸ’°",44%
2025-09-16T17:51:28,Charlies shortbus,44%,Blue collar men,56%
2025-09-16T17:51:29,Charlies shortbus,44%,Blue collar men,56%
2025-09-16T17:51:29,Jackson Was Manipulated,49%,Big Booty Completions,51%
2025-09-16T17:51:30,Nick's Daddy,57%,Millimeter Peter,43%
2025-09-16T17:51:31,Empty Hook Matt,38%,Tongue Dart,62%
2025-09-16T17:51:32,Florida Gator Tails,56%,"""Money Mac"" ðŸ’°",44%
2025-09-16T18:48:47,Charlies shortbus,44%,Blue collar men,56%
2025-09-16T18:48:48,Charlies shortbus,44%,Blue collar men,56%
2025-09-16T18:48:49,Jackson Was Manipulated,49%,Big Booty Completions,51%
2025-09-16T18:48:49,Nick's Daddy,57%,Millimeter Peter,43%
2025-09-16T18:48:50,Empty Hook Matt,38%,Tongue Dart,62%
2025-09-16T18:48:51,Florida Gator Tails,56%,"""Money Mac"" ðŸ’°",44%
2025-09-16T19:24:37,Charlies shortbus,44%,Blue collar men,56%
2025-09-16T19:24:38,Charlies shortbus,44%,Blue collar men,56%
2025-09-16T19:24:39,Jackson Was Manipulated,49%,Big Booty Completions,51%
2025-09-16T19:24:40,Nick's Daddy,57%,Millimeter Peter,43%
2025-09-16T19:24:40,Empty Hook Matt,38%,Tongue Dart,62%
2025-09-16T19:24:41,Florida Gator Tails,56%,"""Money Mac"" ðŸ’°",44%
2025-09-16T19:40:09,Charlies shortbus,44%,Blue collar men,56%
2025-09-16T19:40:09,Charlies shortbus,44%,Blue collar men,56%
2025-09-16T19:40:10,Jackson Was Manipulated,49%,Big Booty Completions,51%
2025-09-16T19:40:11,Nick's Daddy,57%,Millimeter Peter,43%
2025-09-16T19:40:12,Empty Hook Matt,38%,Tongue Dart,62%
2025-09-16T19:40:12,Florida Gator Tails,56%,"""Money Mac"" ðŸ’°",44%
2025-09-16T19:51:18,Charlies shortbus,44%,Blue collar men,56%
2025-09-16T19:51:19,Charlies shortbus,44%,Blue collar men,56%
2025-09-16T19:51:20,Jackson Was Manipulated,49%,Big Booty Completions,51%
2025-09-16T19:51:21,Nick's Daddy,57%,Millimeter Peter,43%
2025-09-16T19:51:21,Empty Hook Matt,38%,Tongue Dart,62%
2025-09-16T19:51:22,Florida Gator Tails,56%,"""Money Mac"" ðŸ’°",44%
2025-09-16T20:34:42,Charlies shortbus,44%,Blue collar men,56%
2025-09-16T20:34:43,Charlies shortbus,44%,Blue collar men,56%
2025-09-16T20:34:44,Jackson Was Manipulated,49%,Big Booty Completions,51%
2025-09-16T20:34:45,Nick's Daddy,57%,Millimeter Peter,43%
2025-09-16T20:34:46,Empty Hook Matt,38%,Tongue Dart,62%
2025-09-16T20:34:46,Florida Gator Tails,56%,"""Money Mac"" ðŸ’°",44%
2025-09-16T20:50:53,Charlies shortbus,44%,Blue collar men,56%
2025-09-16T20:50:53,Charlies shortbus,44%,Blue collar men,56%
2025-09-16T20:50:54,Jackson Was Manipulated,49%,Big Booty Completions,51%
2025-09-16T20:50:55,Nick's Daddy,57%,Millimeter Peter,43%
2025-09-16T20:50:56,Empty Hook Matt,38%,Tongue Dart,62%
2025-09-16T20:50:57,Florida Gator Tails,56%,"""Money Mac"" ðŸ’°",44%
2025-09-16T21:28:44,Charlies shortbus,44%,Blue collar men,56%
2025-09-16T21:28:45,Charlies shortbus,44%,Blue collar men,56%
2025-09-16T21:28:46,Jackson Was Manipulated,49%,Big Booty Completions,51%
2025-09-16T21:28:47,Nick's Daddy,57%,Millimeter Peter,43%
2025-09-16T21:28:47,Empty Hook Matt,38%,Tongue Dart,62%
2025-09-16T21:28:48,Florida Gator Tails,56%,"""Money Mac"" ðŸ’°",44%
2025-09-16T21:41:47,Charlies shortbus,44%,Blue collar men,56%
2025-09-16T21:41:48,Charlies shortbus,44%,Blue collar men,56%
2025-09-16T21:41:49,Jackson Was Manipulated,49%,Big Booty Completions,51%
2025-09-16T21:41:49,Nick's Daddy,57%,Millimeter Peter,43%
2025-09-16T21:41:50,Empty Hook Matt,38%,Tongue Dart,62%
2025-09-16T21:41:51,Florida Gator Tails,56%,"""Money Mac"" ðŸ’°",44%
2025-09-16T21:51:34,Charlies shortbus,44%,Blue collar men,56%
2025-09-16T21:51:34,Charlies shortbus,44%,Blue collar men,56%
2025-09-16T21:51:35,Jackson Was Manipulated,49%,Big Booty Completions,51%
2025-09-16T21:51:36,Nick's Daddy,57%,Millimeter Peter,43%
2025-09-16T21:51:37,Empty Hook Matt,38%,Tongue Dart,62%
2025-09-16T21:51:38,Florida Gator Tails,56%,"""Money Mac"" ðŸ’°",44%
2025-09-16T22:30:12,Charlies shortbus,44%,Blue collar men,56%
2025-09-16T22:30:13,Charlies shortbus,44%,Blue collar men,56%
2025-09-16T22:30:14,Jackson Was Manipulated,49%,Big Booty Completions,51%
2025-09-16T22:30:15,Nick's Daddy,57%,Millimeter Peter,43%
2025-09-16T22:30:15,Empty Hook Matt,38%,Tongue Dart,62%
2025-09-16T22:30:16,Florida Gator Tails,56%,"""Money Mac"" ðŸ’°",44%
2025-09-16T22:41:02,Charlies shortbus,44%,Blue collar men,56%
2025-09-16T22:41:03,Charlies shortbus,44%,Blue collar men,56%
2025-09-16T22:41:04,Jackson Was Manipulated,49%,Big Booty Completions,51%
2025-09-16T22:41:05,Nick's Daddy,57%,Millimeter Peter,43%
2025-09-16T22:41:06,Empty Hook Matt,38%,Tongue Dart,62%
2025-09-16T22:41:06,Florida Gator Tails,56%,"""Money Mac"" ðŸ’°",44%
2025-09-16T22:51:20,Charlies shortbus,44%,Blue collar men,56%
2025-09-16T22:51:21,Charlies shortbus,44%,Blue collar men,56%
2025-09-16T22:51:21,Jackson Was Manipulated,49%,Big Booty Completions,51%
2025-09-16T22:51:22,Nick's Daddy,57%,Millimeter Peter,43%
2025-09-16T22:51:23,Empty Hook Matt,38%,Tongue Dart,62%
2025-09-16T22:51:24,Florida Gator Tails,56%,"""Money Mac"" ðŸ’°",44%
2025-09-16T23:24:31,Charlies shortbus,44%,Blue collar men,56%
2025-09-16T23:24:32,Charlies shortbus,44%,Blue collar men,56%
2025-09-16T23:24:32,Jackson Was Manipulated,49%,Big Booty Completions,51%
2025-09-16T23:24:33,Nick's Daddy,57%,Millimeter Peter,43%
2025-09-16T23:24:34,Empty Hook Matt,38%,Tongue Dart,62%
2025-09-16T23:24:35,Florida Gator Tails,56%,"""Money Mac"" ðŸ’°",44%
2025-09-16T23:40:49,Charlies shortbus,44%,Blue collar men,56%
2025-09-16T23:40:50,Charlies shortbus,44%,Blue collar men,56%
2025-09-16T23:40:51,Jackson Was Manipulated,49%,Big Booty Completions,51%
2025-09-16T23:40:51,Nick's Daddy,57%,Millimeter Peter,43%
2025-09-16T23:40:52,Empty Hook Matt,38%,Tongue Dart,62%
2025-09-16T23:40:53,Florida Gator Tails,56%,"""Money Mac"" ðŸ’°",44%
<<<<<<< Updated upstream
2025-09-19T03:10:26,Charlies shortbus,42%,Blue collar men,58%
2025-09-19T03:10:27,Charlies shortbus,42%,Blue collar men,58%
2025-09-19T03:10:27,Jackson Was Manipulated,47%,Big Booty Completions,53%
2025-09-19T03:10:28,Nick's Daddy,51%,Millimeter Peter,49%
2025-09-19T03:10:29,Empty Hook Matt,47%,Tongue Dart,53%
2025-09-19T03:10:30,Florida Gator Tails,60%,"""Money Mac"" ðŸ’°",40%
=======
2025-09-19T03:11:02,Charlies shortbus,42%,Blue collar men,58%
2025-09-19T03:11:02,Charlies shortbus,42%,Blue collar men,58%
2025-09-19T03:11:03,Jackson Was Manipulated,47%,Big Booty Completions,53%
2025-09-19T03:11:04,Nick's Daddy,51%,Millimeter Peter,49%
2025-09-19T03:11:05,Empty Hook Matt,47%,Tongue Dart,53%
2025-09-19T03:11:06,Florida Gator Tails,60%,"""Money Mac"" ðŸ’°",40%
>>>>>>> Stashed changes
<<<<<<< Updated upstream
2025-09-19T03:50:20,Charlies shortbus,42%,Blue collar men,58%
2025-09-19T03:50:21,Charlies shortbus,42%,Blue collar men,58%
2025-09-19T03:50:21,Jackson Was Manipulated,47%,Big Booty Completions,53%
2025-09-19T03:50:22,Nick's Daddy,51%,Millimeter Peter,49%
2025-09-19T03:50:23,Empty Hook Matt,47%,Tongue Dart,53%
2025-09-19T03:50:24,Florida Gator Tails,60%,"""Money Mac"" ðŸ’°",40%
=======
2025-09-19T03:51:15,Charlies shortbus,42%,Blue collar men,58%
2025-09-19T03:51:16,Charlies shortbus,42%,Blue collar men,58%
2025-09-19T03:51:17,Jackson Was Manipulated,47%,Big Booty Completions,53%
2025-09-19T03:51:18,Nick's Daddy,51%,Millimeter Peter,49%
2025-09-19T03:51:19,Empty Hook Matt,47%,Tongue Dart,53%
2025-09-19T03:51:19,Florida Gator Tails,60%,"""Money Mac"" ðŸ’°",40%
>>>>>>> Stashed changes
<<<<<<< Updated upstream
2025-09-19T04:40:46,Charlies shortbus,43%,Blue collar men,57%
2025-09-19T04:40:47,Charlies shortbus,43%,Blue collar men,57%
2025-09-19T04:40:47,Jackson Was Manipulated,47%,Big Booty Completions,53%
2025-09-19T04:40:48,Nick's Daddy,51%,Millimeter Peter,49%
2025-09-19T04:40:49,Empty Hook Matt,47%,Tongue Dart,53%
2025-09-19T04:40:50,Florida Gator Tails,60%,"""Money Mac"" ðŸ’°",40%
=======
2025-09-19T04:40:59,Charlies shortbus,43%,Blue collar men,57%
2025-09-19T04:41:00,Charlies shortbus,43%,Blue collar men,57%
2025-09-19T04:41:01,Jackson Was Manipulated,47%,Big Booty Completions,53%
2025-09-19T04:41:01,Nick's Daddy,51%,Millimeter Peter,49%
2025-09-19T04:41:02,Empty Hook Matt,47%,Tongue Dart,53%
2025-09-19T04:41:03,Florida Gator Tails,60%,"""Money Mac"" ðŸ’°",40%
>>>>>>> Stashed changes
<<<<<<< Updated upstream
2025-09-19T04:50:07,Charlies shortbus,43%,Blue collar men,57%
2025-09-19T04:50:08,Charlies shortbus,43%,Blue collar men,57%
2025-09-19T04:50:09,Jackson Was Manipulated,47%,Big Booty Completions,53%
2025-09-19T04:50:10,Nick's Daddy,51%,Millimeter Peter,49%
2025-09-19T04:50:10,Empty Hook Matt,47%,Tongue Dart,53%
2025-09-19T04:50:11,Florida Gator Tails,60%,"""Money Mac"" ðŸ’°",40%
=======
2025-09-19T04:51:16,Charlies shortbus,43%,Blue collar men,57%
2025-09-19T04:51:17,Charlies shortbus,43%,Blue collar men,57%
2025-09-19T04:51:18,Jackson Was Manipulated,47%,Big Booty Completions,53%
2025-09-19T04:51:19,Nick's Daddy,51%,Millimeter Peter,49%
2025-09-19T04:51:20,Empty Hook Matt,47%,Tongue Dart,53%
2025-09-19T04:51:21,Florida Gator Tails,60%,"""Money Mac"" ðŸ’°",40%
>>>>>>> Stashed changes
<<<<<<< Updated upstream
2025-09-21T17:29:43,Charlies shortbus,50%,Blue collar men,50%
2025-09-21T17:29:43,Charlies shortbus,50%,Blue collar men,50%
2025-09-21T17:29:44,Jackson Was Manipulated,46%,Big Booty Completions,54%
2025-09-21T17:29:45,Nick's Daddy,52%,Millimeter Peter,48%
2025-09-21T17:29:46,Empty Hook Matt,56%,Tongue Dart,44%
2025-09-21T17:29:46,Florida Gator Tails,53%,"""Money Mac"" ðŸ’°",47%
=======
2025-09-21T17:29:53,Charlies shortbus,50%,Blue collar men,50%
2025-09-21T17:29:54,Charlies shortbus,50%,Blue collar men,50%
2025-09-21T17:29:55,Jackson Was Manipulated,46%,Big Booty Completions,54%
2025-09-21T17:29:55,Nick's Daddy,52%,Millimeter Peter,48%
2025-09-21T17:29:56,Empty Hook Matt,56%,Tongue Dart,44%
2025-09-21T17:29:57,Florida Gator Tails,53%,"""Money Mac"" ðŸ’°",47%
>>>>>>> Stashed changes
<<<<<<< Updated upstream
2025-09-21T17:40:59,Charlies shortbus,51%,Blue collar men,49%
2025-09-21T17:41:00,Charlies shortbus,51%,Blue collar men,49%
2025-09-21T17:41:01,Jackson Was Manipulated,45%,Big Booty Completions,55%
2025-09-21T17:41:01,Nick's Daddy,47%,Millimeter Peter,53%
2025-09-21T17:41:02,Empty Hook Matt,55%,Tongue Dart,45%
2025-09-21T17:41:03,Florida Gator Tails,49%,"""Money Mac"" ðŸ’°",51%
=======
2025-09-21T17:41:01,Charlies shortbus,51%,Blue collar men,49%
2025-09-21T17:41:01,Charlies shortbus,51%,Blue collar men,49%
2025-09-21T17:41:02,Jackson Was Manipulated,45%,Big Booty Completions,55%
2025-09-21T17:41:03,Nick's Daddy,47%,Millimeter Peter,53%
2025-09-21T17:41:04,Empty Hook Matt,55%,Tongue Dart,45%
2025-09-21T17:41:05,Florida Gator Tails,49%,"""Money Mac"" ðŸ’°",51%
>>>>>>> Stashed changes
<<<<<<< Updated upstream
2025-09-21T17:49:54,Charlies shortbus,44%,Blue collar men,56%
2025-09-21T17:49:55,Charlies shortbus,44%,Blue collar men,56%
2025-09-21T17:49:55,Jackson Was Manipulated,43%,Big Booty Completions,57%
2025-09-21T17:49:57,Nick's Daddy,53%,Millimeter Peter,47%
2025-09-21T17:49:57,Empty Hook Matt,50%,Tongue Dart,50%
2025-09-21T17:49:58,Florida Gator Tails,49%,"""Money Mac"" ðŸ’°",51%
=======
2025-09-21T17:51:02,Charlies shortbus,45%,Blue collar men,55%
2025-09-21T17:51:03,Charlies shortbus,45%,Blue collar men,55%
2025-09-21T17:51:04,Jackson Was Manipulated,43%,Big Booty Completions,57%
2025-09-21T17:51:04,Nick's Daddy,53%,Millimeter Peter,47%
2025-09-21T17:51:05,Empty Hook Matt,50%,Tongue Dart,50%
2025-09-21T17:51:06,Florida Gator Tails,49%,"""Money Mac"" ðŸ’°",51%
>>>>>>> Stashed changes
<<<<<<< Updated upstream
2025-09-21T18:43:10,Charlies shortbus,49%,Blue collar men,51%
2025-09-21T18:43:11,Charlies shortbus,49%,Blue collar men,51%
2025-09-21T18:43:12,Jackson Was Manipulated,46%,Big Booty Completions,54%
2025-09-21T18:43:12,Nick's Daddy,54%,Millimeter Peter,46%
2025-09-21T18:43:13,Empty Hook Matt,56%,Tongue Dart,44%
2025-09-21T18:43:14,Florida Gator Tails,48%,"""Money Mac"" ðŸ’°",52%
=======
2025-09-21T18:44:05,Charlies shortbus,49%,Blue collar men,51%
2025-09-21T18:44:05,Charlies shortbus,49%,Blue collar men,51%
2025-09-21T18:44:06,Jackson Was Manipulated,46%,Big Booty Completions,54%
2025-09-21T18:44:07,Nick's Daddy,55%,Millimeter Peter,45%
2025-09-21T18:44:08,Empty Hook Matt,56%,Tongue Dart,44%
2025-09-21T18:44:09,Florida Gator Tails,48%,"""Money Mac"" ðŸ’°",52%
>>>>>>> Stashed changes
<<<<<<< Updated upstream
2025-09-21T18:51:50,Charlies shortbus,54%,Blue collar men,46%
2025-09-21T18:51:51,Charlies shortbus,54%,Blue collar men,46%
2025-09-21T18:51:51,Jackson Was Manipulated,48%,Big Booty Completions,52%
2025-09-21T18:51:52,Nick's Daddy,57%,Millimeter Peter,43%
2025-09-21T18:51:53,Empty Hook Matt,47%,Tongue Dart,53%
2025-09-21T18:51:54,Florida Gator Tails,48%,"""Money Mac"" ðŸ’°",52%
=======
2025-09-21T18:52:35,Charlies shortbus,54%,Blue collar men,46%
2025-09-21T18:52:36,Charlies shortbus,54%,Blue collar men,46%
2025-09-21T18:52:37,Jackson Was Manipulated,48%,Big Booty Completions,52%
2025-09-21T18:52:38,Nick's Daddy,57%,Millimeter Peter,43%
2025-09-21T18:52:38,Empty Hook Matt,47%,Tongue Dart,53%
2025-09-21T18:52:39,Florida Gator Tails,48%,"""Money Mac"" ðŸ’°",52%
>>>>>>> Stashed changes
<<<<<<< Updated upstream
2025-09-21T19:22:24,Charlies shortbus,62%,Blue collar men,38%
2025-09-21T19:22:25,Charlies shortbus,62%,Blue collar men,38%
2025-09-21T19:22:26,Jackson Was Manipulated,54%,Big Booty Completions,46%
2025-09-21T19:22:27,Nick's Daddy,66%,Millimeter Peter,34%
2025-09-21T19:22:27,Empty Hook Matt,26%,Tongue Dart,74%
2025-09-21T19:22:28,Florida Gator Tails,39%,"""Money Mac"" ðŸ’°",61%
=======
2025-09-21T19:23:03,Charlies shortbus,62%,Blue collar men,38%
2025-09-21T19:23:03,Charlies shortbus,62%,Blue collar men,38%
2025-09-21T19:23:04,Jackson Was Manipulated,54%,Big Booty Completions,46%
2025-09-21T19:23:05,Nick's Daddy,66%,Millimeter Peter,34%
2025-09-21T19:23:06,Empty Hook Matt,25%,Tongue Dart,75%
2025-09-21T19:23:07,Florida Gator Tails,42%,"""Money Mac"" ðŸ’°",58%
>>>>>>> Stashed changes
<<<<<<< Updated upstream
2025-09-21T19:39:06,Charlies shortbus,58%,Blue collar men,42%
2025-09-21T19:39:07,Charlies shortbus,58%,Blue collar men,42%
2025-09-21T19:39:08,Jackson Was Manipulated,55%,Big Booty Completions,45%
2025-09-21T19:39:08,Nick's Daddy,74%,Millimeter Peter,26%
2025-09-21T19:39:09,Empty Hook Matt,9%,Tongue Dart,91%
2025-09-21T19:39:10,Florida Gator Tails,38%,"""Money Mac"" ðŸ’°",62%
=======
2025-09-21T19:40:25,Charlies shortbus,58%,Blue collar men,42%
2025-09-21T19:40:26,Charlies shortbus,58%,Blue collar men,42%
2025-09-21T19:40:27,Jackson Was Manipulated,54%,Big Booty Completions,46%
2025-09-21T19:40:28,Nick's Daddy,74%,Millimeter Peter,26%
2025-09-21T19:40:28,Empty Hook Matt,10%,Tongue Dart,90%
2025-09-21T19:40:29,Florida Gator Tails,56%,"""Money Mac"" ðŸ’°",44%
>>>>>>> Stashed changes
<<<<<<< Updated upstream
2025-09-21T19:49:33,Charlies shortbus,62%,Blue collar men,38%
2025-09-21T19:49:34,Charlies shortbus,62%,Blue collar men,38%
2025-09-21T19:49:34,Jackson Was Manipulated,50%,Big Booty Completions,50%
2025-09-21T19:49:35,Nick's Daddy,76%,Millimeter Peter,24%
2025-09-21T19:49:36,Empty Hook Matt,2%,Tongue Dart,98%
2025-09-21T19:49:37,Florida Gator Tails,50%,"""Money Mac"" ðŸ’°",50%
=======
2025-09-21T19:50:42,Charlies shortbus,62%,Blue collar men,38%
2025-09-21T19:50:43,Charlies shortbus,62%,Blue collar men,38%
2025-09-21T19:50:44,Jackson Was Manipulated,50%,Big Booty Completions,50%
2025-09-21T19:50:45,Nick's Daddy,76%,Millimeter Peter,24%
2025-09-21T19:50:46,Empty Hook Matt,2%,Tongue Dart,98%
2025-09-21T19:50:46,Florida Gator Tails,50%,"""Money Mac"" ðŸ’°",50%
>>>>>>> Stashed changes
<<<<<<< Updated upstream
<<<<<<< Updated upstream
<<<<<<< Updated upstream
2025-09-21T20:31:33,Charlies shortbus,73%,Blue collar men,27%
2025-09-21T20:31:33,Charlies shortbus,73%,Blue collar men,27%
2025-09-21T20:31:34,Jackson Was Manipulated,53%,Big Booty Completions,47%
2025-09-21T20:31:35,Nick's Daddy,87%,Millimeter Peter,13%
2025-09-21T20:31:36,Empty Hook Matt,1%,Tongue Dart,99%
2025-09-21T20:31:37,Florida Gator Tails,39%,"""Money Mac"" ðŸ’°",61%
=======
2025-09-21T20:32:28,Charlies shortbus,73%,Blue collar men,27%
2025-09-21T20:32:28,Charlies shortbus,73%,Blue collar men,27%
2025-09-21T20:32:29,Jackson Was Manipulated,53%,Big Booty Completions,47%
2025-09-21T20:32:30,Nick's Daddy,87%,Millimeter Peter,13%
2025-09-21T20:32:31,Empty Hook Matt,1%,Tongue Dart,99%
2025-09-21T20:32:32,Florida Gator Tails,36%,"""Money Mac"" ðŸ’°",64%
>>>>>>> Stashed changes
=======
2025-09-21T20:32:56,Charlies shortbus,73%,Blue collar men,27%
2025-09-21T20:32:57,Charlies shortbus,73%,Blue collar men,27%
2025-09-21T20:32:58,Jackson Was Manipulated,53%,Big Booty Completions,47%
2025-09-21T20:32:59,Nick's Daddy,87%,Millimeter Peter,13%
2025-09-21T20:33:00,Empty Hook Matt,1%,Tongue Dart,99%
2025-09-21T20:33:01,Florida Gator Tails,36%,"""Money Mac"" ðŸ’°",64%
>>>>>>> Stashed changes
=======
2025-09-21T20:33:06,Charlies shortbus,73%,Blue collar men,27%
2025-09-21T20:33:06,Charlies shortbus,73%,Blue collar men,27%
2025-09-21T20:33:07,Jackson Was Manipulated,53%,Big Booty Completions,47%
2025-09-21T20:33:08,Nick's Daddy,87%,Millimeter Peter,13%
2025-09-21T20:33:09,Empty Hook Matt,1%,Tongue Dart,99%
2025-09-21T20:33:10,Florida Gator Tails,36%,"""Money Mac"" ðŸ’°",64%
>>>>>>> Stashed changes
2025-09-21T20:47:21,Charlies shortbus,81%,Blue collar men,19%
2025-09-21T20:47:22,Charlies shortbus,81%,Blue collar men,19%
2025-09-21T20:47:22,Jackson Was Manipulated,51%,Big Booty Completions,49%
2025-09-21T20:47:23,Nick's Daddy,88%,Millimeter Peter,12%
2025-09-21T20:47:24,Empty Hook Matt,3%,Tongue Dart,97%
2025-09-21T20:47:25,Florida Gator Tails,39%,"""Money Mac"" ðŸ’°",61%
<<<<<<< Updated upstream
2025-09-21T20:49:53,Charlies shortbus,80%,Blue collar men,20%
2025-09-21T20:49:53,Charlies shortbus,80%,Blue collar men,20%
2025-09-21T20:49:54,Jackson Was Manipulated,51%,Big Booty Completions,49%
2025-09-21T20:49:56,Nick's Daddy,87%,Millimeter Peter,13%
2025-09-21T20:49:56,Empty Hook Matt,3%,Tongue Dart,97%
2025-09-21T20:49:57,Florida Gator Tails,39%,"""Money Mac"" ðŸ’°",61%
=======
2025-09-21T20:51:02,Charlies shortbus,80%,Blue collar men,20%
2025-09-21T20:51:03,Charlies shortbus,80%,Blue collar men,20%
2025-09-21T20:51:03,Jackson Was Manipulated,56%,Big Booty Completions,44%
2025-09-21T20:51:04,Nick's Daddy,87%,Millimeter Peter,13%
2025-09-21T20:51:05,Empty Hook Matt,3%,Tongue Dart,97%
2025-09-21T20:51:06,Florida Gator Tails,39%,"""Money Mac"" ðŸ’°",61%
>>>>>>> Stashed changes
2025-09-21T20:52:27,Charlies shortbus,82%,Blue collar men,18%
2025-09-21T20:52:28,Charlies shortbus,82%,Blue collar men,18%
2025-09-21T20:52:29,Jackson Was Manipulated,56%,Big Booty Completions,44%
2025-09-21T20:52:30,Nick's Daddy,87%,Millimeter Peter,13%
2025-09-21T20:52:31,Empty Hook Matt,3%,Tongue Dart,97%
2025-09-21T20:52:32,Florida Gator Tails,39%,"""Money Mac"" ðŸ’°",61%
<<<<<<< Updated upstream
2025-09-21T21:26:14,Charlies shortbus,89%,Blue collar men,11%
2025-09-21T21:26:15,Charlies shortbus,89%,Blue collar men,11%
2025-09-21T21:26:16,Jackson Was Manipulated,49%,Big Booty Completions,51%
2025-09-21T21:26:17,Nick's Daddy,93%,Millimeter Peter,7%
2025-09-21T21:26:17,Empty Hook Matt,1%,Tongue Dart,99%
2025-09-21T21:26:18,Florida Gator Tails,46%,"""Money Mac"" ðŸ’°",54%
=======
2025-09-21T21:27:32,Charlies shortbus,89%,Blue collar men,11%
2025-09-21T21:27:33,Charlies shortbus,89%,Blue collar men,11%
2025-09-21T21:27:34,Jackson Was Manipulated,49%,Big Booty Completions,51%
2025-09-21T21:27:35,Nick's Daddy,93%,Millimeter Peter,7%
2025-09-21T21:27:36,Empty Hook Matt,1%,Tongue Dart,99%
2025-09-21T21:27:37,Florida Gator Tails,46%,"""Money Mac"" ðŸ’°",54%
>>>>>>> Stashed changes
2025-09-21T21:36:43,Charlies shortbus,88%,Blue collar men,12%
2025-09-21T21:36:44,Charlies shortbus,88%,Blue collar men,12%
2025-09-21T21:36:45,Jackson Was Manipulated,39%,Big Booty Completions,61%
2025-09-21T21:36:46,Nick's Daddy,94%,Millimeter Peter,6%
2025-09-21T21:36:47,Empty Hook Matt,1%,Tongue Dart,99%
2025-09-21T21:36:47,Florida Gator Tails,47%,"""Money Mac"" ðŸ’°",53%
2025-09-21T21:41:13,Charlies shortbus,88%,Blue collar men,12%
2025-09-21T21:41:15,Charlies shortbus,88%,Blue collar men,12%
2025-09-21T21:41:15,Jackson Was Manipulated,39%,Big Booty Completions,61%
2025-09-21T21:41:16,Nick's Daddy,94%,Millimeter Peter,6%
2025-09-21T21:41:17,Empty Hook Matt,1%,Tongue Dart,99%
2025-09-21T21:41:18,Florida Gator Tails,48%,"""Money Mac"" ðŸ’°",52%
2025-09-21T21:47:17,Charlies shortbus,88%,Blue collar men,12%
2025-09-21T21:47:17,Charlies shortbus,88%,Blue collar men,12%
2025-09-21T21:47:18,Jackson Was Manipulated,38%,Big Booty Completions,62%
2025-09-21T21:47:19,Nick's Daddy,94%,Millimeter Peter,6%
2025-09-21T21:47:20,Empty Hook Matt,1%,Tongue Dart,99%
2025-09-21T21:47:21,Florida Gator Tails,48%,"""Money Mac"" ðŸ’°",52%
2025-09-21T21:53:03,Charlies shortbus,87%,Blue collar men,13%
2025-09-21T21:53:04,Charlies shortbus,87%,Blue collar men,13%
2025-09-21T21:53:05,Jackson Was Manipulated,37%,Big Booty Completions,63%
2025-09-21T21:53:06,Nick's Daddy,93%,Millimeter Peter,7%
2025-09-21T21:53:07,Empty Hook Matt,1%,Tongue Dart,99%
2025-09-21T21:53:07,Florida Gator Tails,49%,"""Money Mac"" ðŸ’°",51%
<<<<<<< Updated upstream
2025-09-21T22:32:28,Charlies shortbus,93%,Blue collar men,7%
2025-09-21T22:32:29,Charlies shortbus,93%,Blue collar men,7%
2025-09-21T22:32:29,Jackson Was Manipulated,31%,Big Booty Completions,69%
2025-09-21T22:32:30,Nick's Daddy,98%,Millimeter Peter,2%
2025-09-21T22:32:31,Empty Hook Matt,1%,Tongue Dart,99%
2025-09-21T22:32:32,Florida Gator Tails,73%,"""Money Mac"" ðŸ’°",27%
=======
2025-09-21T22:35:02,Charlies shortbus,93%,Blue collar men,7%
2025-09-21T22:35:03,Charlies shortbus,93%,Blue collar men,7%
2025-09-21T22:35:04,Jackson Was Manipulated,28%,Big Booty Completions,72%
2025-09-21T22:35:05,Nick's Daddy,98%,Millimeter Peter,2%
2025-09-21T22:35:05,Empty Hook Matt,1%,Tongue Dart,99%
2025-09-21T22:35:06,Florida Gator Tails,73%,"""Money Mac"" ðŸ’°",27%
>>>>>>> Stashed changes
2025-09-21T22:47:07,Charlies shortbus,92%,Blue collar men,8%
2025-09-21T22:47:08,Charlies shortbus,92%,Blue collar men,8%
2025-09-21T22:47:09,Jackson Was Manipulated,26%,Big Booty Completions,74%
2025-09-21T22:47:10,Nick's Daddy,99%,Millimeter Peter,1%
2025-09-21T22:47:11,Empty Hook Matt,1%,Tongue Dart,99%
2025-09-21T22:47:11,Florida Gator Tails,69%,"""Money Mac"" ðŸ’°",31%
2025-09-21T22:53:16,Charlies shortbus,92%,Blue collar men,8%
2025-09-21T22:53:17,Charlies shortbus,92%,Blue collar men,8%
2025-09-21T22:53:18,Jackson Was Manipulated,23%,Big Booty Completions,77%
2025-09-21T22:53:19,Nick's Daddy,98%,Millimeter Peter,2%
2025-09-21T22:53:19,Empty Hook Matt,1%,Tongue Dart,99%
2025-09-21T22:53:21,Florida Gator Tails,84%,"""Money Mac"" ðŸ’°",16%
<<<<<<< Updated upstream
2025-09-21T23:27:47,Charlies shortbus,97%,Blue collar men,3%
2025-09-21T23:27:48,Charlies shortbus,97%,Blue collar men,3%
2025-09-21T23:27:48,Jackson Was Manipulated,25%,Big Booty Completions,75%
2025-09-21T23:27:49,Nick's Daddy,99%,Millimeter Peter,1%
2025-09-21T23:27:50,Empty Hook Matt,1%,Tongue Dart,99%
2025-09-21T23:27:51,Florida Gator Tails,78%,"""Money Mac"" ðŸ’°",22%
=======
2025-09-21T23:28:59,Charlies shortbus,97%,Blue collar men,3%
2025-09-21T23:29:00,Charlies shortbus,97%,Blue collar men,3%
2025-09-21T23:29:00,Jackson Was Manipulated,25%,Big Booty Completions,75%
2025-09-21T23:29:01,Nick's Daddy,99%,Millimeter Peter,1%
2025-09-21T23:29:02,Empty Hook Matt,1%,Tongue Dart,99%
2025-09-21T23:29:03,Florida Gator Tails,78%,"""Money Mac"" ðŸ’°",22%
>>>>>>> Stashed changes
2025-09-21T23:37:07,Charlies shortbus,97%,Blue collar men,3%
2025-09-21T23:37:08,Charlies shortbus,97%,Blue collar men,3%
2025-09-21T23:37:08,Jackson Was Manipulated,25%,Big Booty Completions,75%
2025-09-21T23:37:09,Nick's Daddy,99%,Millimeter Peter,1%
2025-09-21T23:37:10,Empty Hook Matt,1%,Tongue Dart,99%
2025-09-21T23:37:11,Florida Gator Tails,78%,"""Money Mac"" ðŸ’°",22%
2025-09-21T23:41:49,Charlies shortbus,97%,Blue collar men,3%
2025-09-21T23:41:49,Charlies shortbus,97%,Blue collar men,3%
2025-09-21T23:41:50,Jackson Was Manipulated,25%,Big Booty Completions,75%
2025-09-21T23:41:51,Nick's Daddy,99%,Millimeter Peter,1%
2025-09-21T23:41:52,Empty Hook Matt,1%,Tongue Dart,99%
2025-09-21T23:41:53,Florida Gator Tails,78%,"""Money Mac"" ðŸ’°",22%
2025-09-21T23:47:34,Charlies shortbus,97%,Blue collar men,3%
2025-09-21T23:47:34,Charlies shortbus,97%,Blue collar men,3%
2025-09-21T23:47:35,Jackson Was Manipulated,25%,Big Booty Completions,75%
2025-09-21T23:47:36,Nick's Daddy,99%,Millimeter Peter,1%
2025-09-21T23:47:37,Empty Hook Matt,1%,Tongue Dart,99%
2025-09-21T23:47:38,Florida Gator Tails,78%,"""Money Mac"" ðŸ’°",22%
2025-09-21T23:53:20,Charlies shortbus,97%,Blue collar men,3%
2025-09-21T23:53:21,Charlies shortbus,97%,Blue collar men,3%
2025-09-21T23:53:22,Jackson Was Manipulated,25%,Big Booty Completions,75%
2025-09-21T23:53:23,Nick's Daddy,99%,Millimeter Peter,1%
2025-09-21T23:53:24,Empty Hook Matt,1%,Tongue Dart,99%
2025-09-21T23:53:24,Florida Gator Tails,78%,"""Money Mac"" ðŸ’°",22%
<<<<<<< Updated upstream
2025-09-22T03:17:30,Charlies shortbus,97%,Blue collar men,3%
2025-09-22T03:17:31,Charlies shortbus,97%,Blue collar men,3%
2025-09-22T03:17:32,Jackson Was Manipulated,25%,Big Booty Completions,75%
2025-09-22T03:17:32,Nick's Daddy,99%,Millimeter Peter,1%
2025-09-22T03:17:33,Empty Hook Matt,1%,Tongue Dart,99%
2025-09-22T03:17:34,Florida Gator Tails,23%,"""Money Mac"" ðŸ’°",77%
=======
2025-09-22T03:18:20,Charlies shortbus,97%,Blue collar men,3%
2025-09-22T03:18:21,Charlies shortbus,97%,Blue collar men,3%
2025-09-22T03:18:21,Jackson Was Manipulated,25%,Big Booty Completions,75%
2025-09-22T03:18:22,Nick's Daddy,99%,Millimeter Peter,1%
2025-09-22T03:18:23,Empty Hook Matt,1%,Tongue Dart,99%
2025-09-22T03:18:24,Florida Gator Tails,23%,"""Money Mac"" ðŸ’°",77%
>>>>>>> Stashed changes
<<<<<<< Updated upstream
2025-09-22T03:57:10,Charlies shortbus,97%,Blue collar men,3%
2025-09-22T03:57:11,Charlies shortbus,97%,Blue collar men,3%
2025-09-22T03:57:12,Jackson Was Manipulated,25%,Big Booty Completions,75%
2025-09-22T03:57:13,Nick's Daddy,100%,Millimeter Peter,0%
2025-09-22T03:57:13,Empty Hook Matt,1%,Tongue Dart,99%
2025-09-22T03:57:14,Florida Gator Tails,60%,"""Money Mac"" ðŸ’°",40%
=======
2025-09-22T03:57:31,Charlies shortbus,97%,Blue collar men,3%
2025-09-22T03:57:31,Charlies shortbus,97%,Blue collar men,3%
2025-09-22T03:57:32,Jackson Was Manipulated,25%,Big Booty Completions,75%
2025-09-22T03:57:33,Nick's Daddy,100%,Millimeter Peter,0%
2025-09-22T03:57:34,Empty Hook Matt,1%,Tongue Dart,99%
2025-09-22T03:57:35,Florida Gator Tails,60%,"""Money Mac"" ðŸ’°",40%
>>>>>>> Stashed changes
<<<<<<< Updated upstream
2025-09-22T04:41:25,Charlies shortbus,97%,Blue collar men,3%
2025-09-22T04:41:26,Charlies shortbus,97%,Blue collar men,3%
2025-09-22T04:41:26,Jackson Was Manipulated,25%,Big Booty Completions,75%
2025-09-22T04:41:27,Nick's Daddy,100%,Millimeter Peter,0%
2025-09-22T04:41:28,Empty Hook Matt,1%,Tongue Dart,99%
2025-09-22T04:41:29,Florida Gator Tails,60%,"""Money Mac"" ðŸ’°",40%
=======
2025-09-22T04:41:32,Charlies shortbus,97%,Blue collar men,3%
2025-09-22T04:41:33,Charlies shortbus,97%,Blue collar men,3%
2025-09-22T04:41:34,Jackson Was Manipulated,25%,Big Booty Completions,75%
2025-09-22T04:41:35,Nick's Daddy,100%,Millimeter Peter,0%
2025-09-22T04:41:36,Empty Hook Matt,1%,Tongue Dart,99%
2025-09-22T04:41:37,Florida Gator Tails,60%,"""Money Mac"" ðŸ’°",40%
>>>>>>> Stashed changes
2025-09-22T04:50:24,Charlies shortbus,97%,Blue collar men,3%
2025-09-22T04:50:25,Charlies shortbus,97%,Blue collar men,3%
2025-09-22T04:50:25,Jackson Was Manipulated,25%,Big Booty Completions,75%
2025-09-22T04:50:26,Nick's Daddy,100%,Millimeter Peter,0%
2025-09-22T04:50:27,Empty Hook Matt,1%,Tongue Dart,99%
2025-09-22T04:50:28,Florida Gator Tails,60%,"""Money Mac"" ðŸ’°",40%
2025-09-22T04:53:05,Charlies shortbus,97%,Blue collar men,3%
2025-09-22T04:53:06,Charlies shortbus,97%,Blue collar men,3%
2025-09-22T04:53:06,Jackson Was Manipulated,25%,Big Booty Completions,75%
2025-09-22T04:53:07,Nick's Daddy,100%,Millimeter Peter,0%
2025-09-22T04:53:08,Empty Hook Matt,1%,Tongue Dart,99%
2025-09-22T04:53:09,Florida Gator Tails,60%,"""Money Mac"" ðŸ’°",40%
<<<<<<< Updated upstream
2025-09-23T03:08:18,Charlies shortbus,99%,Blue collar men,1%
2025-09-23T03:08:19,Charlies shortbus,99%,Blue collar men,1%
2025-09-23T03:08:20,Jackson Was Manipulated,1%,Big Booty Completions,99%
2025-09-23T03:08:21,Nick's Daddy,100%,Millimeter Peter,0%
2025-09-23T03:08:22,Empty Hook Matt,1%,Tongue Dart,99%
2025-09-23T03:08:22,Florida Gator Tails,1%,"""Money Mac"" ðŸ’°",99%
=======
2025-09-23T03:09:29,Charlies shortbus,99%,Blue collar men,1%
2025-09-23T03:09:30,Charlies shortbus,99%,Blue collar men,1%
2025-09-23T03:09:31,Jackson Was Manipulated,1%,Big Booty Completions,99%
2025-09-23T03:09:32,Nick's Daddy,100%,Millimeter Peter,0%
2025-09-23T03:09:32,Empty Hook Matt,1%,Tongue Dart,99%
2025-09-23T03:09:33,Florida Gator Tails,1%,"""Money Mac"" ðŸ’°",99%
>>>>>>> Stashed changes
